crash_id,state,month,year,day_of_week,time,crash_type,speed_limit,road_user,gender,age_group
20203158,Qld,8,2020,Tuesday,19:00,Single,70,Passenger,Female,17_to_25
20204085,SA,8,2020,Friday,14:38,Multiple,100,Driver,Female,65_to_74
20201065,NSW,8,2020,Tuesday,10:30,Single,100,Driver,Female,65_to_74
20204085,SA,8,2020,Friday,14:38,Multiple,100,Passenger,Female,75_or_older
20203090,Qld,8,2020,Wednesday,13:00,Single,100,Passenger,Female,75_or_older
20205093,WA,8,2020,Friday,08:59,Multiple,100,Driver,Female,75_or_older
20205045,WA,8,2020,Wednesday,14:35,Single,-9,Driver,Female,75_or_older
20201226,NSW,8,2020,Wednesday,14:00,Multiple,50,Passenger,Male,75_or_older
20201226,NSW,8,2020,Wednesday,14:00,Multiple,50,Driver,Female,75_or_older
20202013,Vic,8,2020,Friday,14:00,Single,60,Passenger,Female,75_or_older
20201232,NSW,8,2020,Wednesday,11:45,Single,100,Motorcycle rider,Male,75_or_older
20205123,WA,8,2020,Thursday,15:35,Multiple,100,Driver,Male,75_or_older
20203073,Qld,8,2020,Thursday,12:00,Multiple,80,Passenger,Male,40_to_64
20203073,Qld,8,2020,Thursday,12:00,Multiple,80,Driver,Male,40_to_64
20201061,NSW,8,2020,Monday,18:15,Multiple,80,Driver,Male,40_to_64
20205103,WA,8,2020,Friday,09:20,Multiple,110,Driver,Female,26_to_39
20203220,Qld,8,2020,Tuesday,14:00,Multiple,80,Driver,Female,65_to_74
20203065,Qld,8,2020,Tuesday,22:00,Single,100,Passenger,Female,40_to_64
20203201,Qld,8,2020,Saturday,18:00,Single,60,Pedestrian,Male,26_to_39
20203101,Qld,8,2020,Sunday,08:00,Single,50,Pedestrian,Female,0_to_16
20202118,Vic,8,2020,Sunday,18:12,Single,60,Pedestrian,Male,40_to_64
20202155,Vic,8,2020,Saturday,13:40,Single,60,Pedestrian,Female,75_or_older
20202190,Vic,8,2020,Saturday,12:40,Single,50,Pedestrian,Female,0_to_16
20201192,NSW,8,2020,Monday,09:20,Single,100,Pedestrian,Male,26_to_39
20203056,Qld,8,2020,Saturday,03:00,Single,80,Pedestrian,Male,26_to_39
20202106,Vic,8,2020,Thursday,02:31,Single,70,Pedestrian,Male,17_to_25
20204046,SA,8,2020,Tuesday,19:23,Single,60,Pedestrian,Female,26_to_39
20203025,Qld,8,2020,Monday,22:00,Single,110,Pedestrian,Male,40_to_64
20201147,NSW,8,2020,Thursday,18:05,Single,50,Pedestrian,Female,75_or_older
20207006,NT,8,2020,Tuesday,04:00,Single,130,Driver,Male,26_to_39
20201072,NSW,8,2020,Monday,16:20,Multiple,60,Pedestrian,Male,40_to_64
20203013,Qld,7,2020,Sunday,20:00,Single,100,Passenger,Male,0_to_16
20201180,NSW,7,2020,Saturday,23:10,Single,50,Passenger,Male,17_to_25
20202089,Vic,7,2020,Saturday,00:13,Single,60,Motorcycle rider,Male,17_to_25
20205008,WA,7,2020,Sunday,02:30,Single,60,Passenger,Male,17_to_25
20201073,NSW,7,2020,Friday,18:05,Multiple,100,Driver,Male,26_to_39
20201227,NSW,7,2020,Sunday,02:20,Single,60,Driver,Male,26_to_39
20201068,NSW,7,2020,Saturday,19:30,Single,70,Driver,Male,26_to_39
20202080,Vic,7,2020,Friday,21:46,Single,100,Passenger,Male,26_to_39
20204028,SA,7,2020,Friday,18:06,Single,90,Driver,Female,26_to_39
20205076,WA,7,2020,Friday,23:41,Single,70,Driver,Male,17_to_25
20207007,NT,7,2020,Friday,23:20,Single,130,Passenger,Female,26_to_39
20202181,Vic,7,2020,Saturday,01:25,Single,60,Driver,Male,26_to_39
20203229,Qld,7,2020,Sunday,19:00,Single,100,Motorcycle rider,Male,40_to_64
20204038,SA,7,2020,Sunday,18:50,Single,110,Driver,Male,40_to_64
20202080,Vic,7,2020,Friday,21:46,Single,100,Driver,Male,26_to_39
20207018,NT,7,2020,Friday,20:00,Single,80,Driver,Female,40_to_64
20202154,Vic,7,2020,Wednesday,22:50,Single,100,Passenger,Male,17_to_25
20205048,WA,7,2020,Friday,20:30,Multiple,100,Pedestrian,Female,26_to_39
20201208,NSW,7,2020,Tuesday,21:15,Multiple,80,Driver,Male,17_to_25
20205031,WA,7,2020,Thursday,23:28,Single,110,Driver,Male,26_to_39
20202164,Vic,7,2020,Thursday,05:35,Multiple,80,Motorcycle rider,Male,26_to_39
20203200,Qld,7,2020,Wednesday,04:00,Single,100,Driver,Male,26_to_39
20206025,Tas,7,2020,Monday,19:40,Multiple,110,Driver,Female,26_to_39
20203215,Qld,7,2020,Thursday,19:00,Multiple,100,Driver,Female,40_to_64
20207001,NT,7,2020,Thursday,20:08,Single,100,Other/-9,Male,65_to_74
20203108,Qld,7,2020,Saturday,03:00,Single,100,Driver,Male,40_to_64
20201100,NSW,7,2020,Thursday,21:20,Single,60,Driver,Male,40_to_64
20204040,SA,7,2020,Sunday,16:38,Single,90,Driver,Male,17_to_25
20201041,NSW,7,2020,Saturday,15:20,Single,100,Passenger,Male,17_to_25
20203189,Qld,7,2020,Saturday,12:00,Multiple,80,Passenger,Male,17_to_25
20203189,Qld,7,2020,Saturday,12:00,Multiple,80,Passenger,Female,17_to_25
20203189,Qld,7,2020,Saturday,12:00,Multiple,80,Driver,Female,17_to_25
20203068,Qld,7,2020,Saturday,15:00,Single,80,Motorcycle pillion passenger,Male,17_to_25
20203169,Qld,7,2020,Sunday,06:00,Single,80,Driver,Male,26_to_39
20203189,Qld,7,2020,Saturday,12:00,Multiple,80,Passenger,Female,17_to_25
20201112,NSW,7,2020,Sunday,09:55,Multiple,60,Motorcycle pillion passenger,Female,40_to_64
20206009,Tas,7,2020,Saturday,14:10,Multiple,40,Motorcycle rider,Male,40_to_64
20201237,NSW,7,2020,Sunday,12:00,Single,100,Motorcycle rider,Male,40_to_64
20203232,Qld,7,2020,Saturday,10:00,Single,80,Motorcycle rider,Male,40_to_64
20201261,NSW,7,2020,Saturday,15:35,Single,100,Driver,Male,65_to_74
20205136,WA,7,2020,Saturday,13:48,Single,110,Motorcycle rider,Male,65_to_74
20204030,SA,7,2020,Saturday,17:30,Single,100,Driver,Male,75_or_older
20205046,WA,7,2020,Saturday,15:30,Single,90,Driver,Male,75_or_older
20204049,SA,7,2020,Sunday,10:17,Single,80,Driver,Male,75_or_older
20201041,NSW,7,2020,Saturday,15:20,Single,100,Passenger,Male,0_to_16
20205112,WA,7,2020,Sunday,08:00,Single,110,Passenger,Female,17_to_25
20205119,WA,7,2020,Wednesday,08:30,Multiple,50,Pedal cyclist,Male,0_to_16
20204061,SA,7,2020,Wednesday,10:43,Multiple,110,Passenger,Female,0_to_16
20207011,NT,7,2020,Wednesday,10:25,Single,130,Passenger,Female,17_to_25
20204069,SA,7,2020,Wednesday,11:40,Single,100,Passenger,Male,17_to_25
20203005,Qld,7,2020,Friday,17:00,Multiple,110,Driver,Male,17_to_25
20201203,NSW,7,2020,Wednesday,13:40,Single,100,Driver,Female,17_to_25
20202023,Vic,7,2020,Friday,19:15,Single,50,Driver,Male,75_or_older
20203140,Qld,7,2020,Monday,07:00,Single,100,Driver,Male,17_to_25
20201210,NSW,7,2020,Tuesday,11:40,Single,80,Driver,Female,17_to_25
20203054,Qld,7,2020,Thursday,12:00,Multiple,60,Driver,Male,26_to_39
20201234,NSW,7,2020,Tuesday,07:20,Multiple,100,Driver,Male,26_to_39
20202039,Vic,7,2020,Monday,13:43,Single,80,Passenger,Male,26_to_39
20205011,WA,7,2020,Monday,11:54,Multiple,100,Driver,Female,17_to_25
20202057,Vic,7,2020,Thursday,10:40,Multiple,100,Driver,Male,40_to_64
20204056,SA,7,2020,Tuesday,09:20,Single,110,Driver,Male,40_to_64
20202091,Vic,7,2020,Thursday,08:10,Single,100,Driver,Male,26_to_39
20202073,Vic,7,2020,Thursday,07:50,Multiple,60,Motorcycle rider,Male,40_to_64
20201205,NSW,7,2020,Friday,16:00,Single,100,Motorcycle rider,Male,40_to_64
20205003,WA,7,2020,Wednesday,06:30,Single,110,Driver,Male,40_to_64
20201157,NSW,7,2020,Monday,15:20,Single,100,Driver,Male,40_to_64
20206027,Tas,7,2020,Tuesday,15:30,Multiple,70,Driver,Female,40_to_64
20204055,SA,7,2020,Wednesday,08:44,Multiple,60,Motorcycle rider,Male,17_to_25
20203210,Qld,7,2020,Tuesday,06:00,Multiple,50,Pedal cyclist,Male,40_to_64
20205056,WA,7,2020,Wednesday,12:15,Multiple,70,Driver,Male,65_to_74
20201019,NSW,7,2020,Friday,12:30,Single,100,Driver,Female,65_to_74
20202026,Vic,7,2020,Thursday,17:13,Single,100,Driver,Male,65_to_74
20203251,Qld,7,2020,Friday,13:00,Single,50,Driver,Female,65_to_74
20203245,Qld,7,2020,Tuesday,15:00,Multiple,80,Driver,Female,65_to_74
20201171,NSW,7,2020,Wednesday,12:13,Single,100,Driver,Male,65_to_74
20202154,Vic,7,2020,Wednesday,22:50,Single,100,Driver,Male,17_to_25
20208006,ACT,7,2020,Monday,14:45,Multiple,70,Passenger,Female,65_to_74
20203148,Qld,7,2020,Thursday,11:00,Single,50,Driver,Male,75_or_older
20201182,NSW,7,2020,Monday,16:50,Multiple,100,Driver,Male,75_or_older
20204082,SA,7,2020,Wednesday,18:26,Single,110,Driver,Male,40_to_64
20202099,Vic,7,2020,Friday,12:24,Single,100,Motorcycle rider,Male,40_to_64
20203040,Qld,7,2020,Tuesday,17:00,Single,60,Driver,Male,40_to_64
20205010,WA,7,2020,Wednesday,19:37,Multiple,-9,Pedestrian,Male,40_to_64
20201175,NSW,7,2020,Friday,00:30,Single,100,Driver,Male,40_to_64
20203157,Qld,7,2020,Friday,08:00,Multiple,100,Driver,Female,40_to_64
20203087,Qld,7,2020,Monday,14:00,Single,100,Driver,Male,26_to_39
20201091,NSW,7,2020,Wednesday,15:05,Single,40,Pedestrian,Female,0_to_16
20203221,Qld,7,2020,Wednesday,19:00,Single,60,Pedestrian,Female,26_to_39
20201060,NSW,7,2020,Monday,16:50,Single,40,Pedestrian,Male,75_or_older
20205016,WA,7,2020,Thursday,05:09,Multiple,100,Driver,Female,26_to_39
20205096,WA,7,2020,Monday,20:09,Single,100,Passenger,Male,40_to_64
20203072,Qld,7,2020,Monday,19:00,Single,60,Pedestrian,Male,40_to_64
20201188,NSW,7,2020,Thursday,20:15,Single,100,Pedestrian,Male,26_to_39
20203186,Qld,7,2020,Sunday,19:00,Multiple,60,Pedestrian,Male,26_to_39
20202037,Vic,7,2020,Tuesday,18:04,Multiple,100,Pedestrian,Male,26_to_39
20201047,NSW,7,2020,Friday,15:00,Multiple,110,Pedestrian,Female,0_to_16
20203165,Qld,6,2020,Sunday,04:00,Single,70,Passenger,Female,0_to_16
20203165,Qld,6,2020,Sunday,04:00,Single,70,Passenger,Female,0_to_16
20203241,Qld,6,2020,Monday,01:00,Single,100,Driver,Female,17_to_25
20203165,Qld,6,2020,Sunday,04:00,Single,70,Passenger,Female,17_to_25
20207004,NT,6,2020,Saturday,01:00,Single,110,Driver,Male,17_to_25
20203075,Qld,6,2020,Sunday,01:00,Single,70,Passenger,Female,17_to_25
20203075,Qld,6,2020,Sunday,01:00,Single,70,Driver,Male,17_to_25
20205029,WA,6,2020,Sunday,00:32,Single,70,Driver,Male,17_to_25
20203086,Qld,6,2020,Friday,22:00,Single,70,Passenger,Male,17_to_25
20205122,WA,6,2020,Friday,21:04,Single,60,Driver,Male,17_to_25
20203165,Qld,6,2020,Sunday,04:00,Single,70,Passenger,Male,0_to_16
20203227,Qld,6,2020,Monday,00:00,Single,80,Motorcycle pillion passenger,Female,26_to_39
20201055,NSW,6,2020,Sunday,00:20,Single,80,Driver,Male,26_to_39
20203150,Qld,6,2020,Saturday,21:00,Single,60,Driver,Male,26_to_39
20201127,NSW,6,2020,Thursday,22:05,Single,60,Passenger,Female,17_to_25
20205014,WA,6,2020,Tuesday,03:39,Single,100,Driver,Male,17_to_25
20201224,NSW,6,2020,Tuesday,05:25,Single,100,Driver,Male,40_to_64
20202004,Vic,6,2020,Tuesday,04:25,Single,60,Driver,Male,75_or_older
20207022,NT,6,2020,Monday,19:00,Multiple,100,Pedal cyclist,Male,26_to_39
20201036,NSW,6,2020,Thursday,03:30,Multiple,80,Driver,Male,26_to_39
20205088,WA,6,2020,Monday,18:35,Single,60,Motorcycle rider,Male,26_to_39
20203019,Qld,6,2020,Friday,01:00,Multiple,100,Passenger,Female,17_to_25
20205036,WA,6,2020,Friday,08:56,Multiple,60,Pedestrian,Male,26_to_39
20203053,Qld,6,2020,Saturday,15:00,Single,110,Passenger,Female,0_to_16
20203141,Qld,6,2020,Sunday,13:00,Multiple,70,Motorcycle rider,Male,17_to_25
20205052,WA,6,2020,Saturday,15:00,Single,110,Driver,Male,17_to_25
20202065,Vic,6,2020,Sunday,12:08,Single,100,Motorcycle rider,Male,26_to_39
20204024,SA,6,2020,Sunday,14:20,Multiple,60,Motorcycle rider,Male,26_to_39
20203014,Qld,6,2020,Sunday,15:00,Multiple,80,Driver,Male,26_to_39
20201030,NSW,6,2020,Sunday,15:00,Single,50,Driver,Male,26_to_39
20201140,NSW,6,2020,Saturday,13:30,Single,100,Motorcycle rider,Male,40_to_64
20201191,NSW,6,2020,Saturday,14:30,Multiple,80,Pedal cyclist,Male,40_to_64
20203014,Qld,6,2020,Sunday,15:00,Multiple,80,Driver,Male,40_to_64
20202152,Vic,6,2020,Sunday,14:21,Single,100,Motorcycle rider,Male,40_to_64
20202005,Vic,6,2020,Saturday,09:55,Multiple,100,Driver,Male,40_to_64
20207002,NT,6,2020,Sunday,10:20,Single,100,Passenger,Male,0_to_16
20203244,Qld,6,2020,Saturday,12:00,Single,80,Motorcycle rider,Male,40_to_64
20202010,Vic,6,2020,Saturday,12:50,Multiple,100,Passenger,Female,40_to_64
20202184,Vic,6,2020,Saturday,17:25,Multiple,100,Driver,Male,75_or_older
20202184,Vic,6,2020,Saturday,17:25,Multiple,100,Passenger,Female,75_or_older
20202005,Vic,6,2020,Saturday,09:55,Multiple,100,Passenger,Male,75_or_older
20201083,NSW,6,2020,Saturday,13:35,Multiple,60,Motorcycle rider,Male,75_or_older
20201244,NSW,6,2020,Sunday,17:00,Multiple,80,Driver,Female,75_or_older
20201231,NSW,6,2020,Wednesday,14:48,Multiple,100,Motorcycle rider,Male,0_to_16
20205022,WA,6,2020,Monday,11:59,Multiple,110,Passenger,Female,0_to_16
20205022,WA,6,2020,Monday,11:59,Multiple,110,Passenger,Male,0_to_16
20202019,Vic,6,2020,Wednesday,17:36,Multiple,60,Motorcycle rider,Male,17_to_25
20201086,NSW,6,2020,Monday,13:14,Multiple,80,Driver,Female,17_to_25
20204011,SA,6,2020,Tuesday,10:35,Single,50,Motorcycle rider,Male,17_to_25
20202142,Vic,6,2020,Tuesday,08:20,Multiple,100,Driver,Female,26_to_39
20203084,Qld,6,2020,Friday,11:00,Multiple,80,Motorcycle rider,Male,26_to_39
20201151,NSW,6,2020,Thursday,17:40,Multiple,80,Motorcycle rider,Male,26_to_39
20202056,Vic,6,2020,Thursday,16:40,Multiple,60,Motorcycle rider,Male,26_to_39
20202109,Vic,6,2020,Friday,15:19,Multiple,80,Passenger,Female,26_to_39
20202103,Vic,6,2020,Monday,09:30,Single,80,Driver,Male,40_to_64
20203231,Qld,6,2020,Friday,14:00,Single,100,Driver,Male,26_to_39
20203059,Qld,6,2020,Friday,17:00,Single,100,Driver,Male,26_to_39
20203048,Qld,6,2020,Tuesday,07:00,Multiple,60,Pedal cyclist,Female,40_to_64
20203019,Qld,6,2020,Friday,01:00,Multiple,100,Driver,Male,17_to_25
20201161,NSW,6,2020,Tuesday,11:00,Single,100,Driver,Male,65_to_74
20203124,Qld,6,2020,Tuesday,09:00,Multiple,80,Driver,Female,65_to_74
20205018,WA,6,2020,Tuesday,18:00,Single,110,Driver,Male,26_to_39
20201120,NSW,6,2020,Friday,16:10,Multiple,80,Driver,Female,65_to_74
20201109,NSW,6,2020,Monday,11:50,Multiple,50,Driver,Male,75_or_older
20205063,WA,6,2020,Wednesday,01:00,Multiple,50,Pedestrian,Female,26_to_39
20201130,NSW,6,2020,Friday,15:30,Single,80,Driver,Female,75_or_older
20201128,NSW,6,2020,Wednesday,14:00,Single,100,Driver,Male,75_or_older
20201048,NSW,6,2020,Wednesday,15:40,Single,40,Driver,Female,75_or_older
20202143,Vic,6,2020,Wednesday,11:00,Single,60,Driver,Male,75_or_older
20205092,WA,6,2020,Monday,15:55,Multiple,110,Pedal cyclist,Male,0_to_16
20205015,WA,6,2020,Wednesday,13:30,Multiple,100,Driver,Female,75_or_older
20201079,NSW,6,2020,Friday,19:51,Single,110,Pedestrian,Male,40_to_64
20203119,Qld,6,2020,Wednesday,05:00,Single,50,Pedestrian,Female,40_to_64
20203069,Qld,6,2020,Monday,05:00,Single,60,Pedestrian,Male,75_or_older
20202149,Vic,6,2020,Friday,09:30,Single,40,Pedestrian,Male,40_to_64
20203137,Qld,6,2020,Friday,09:00,Single,50,Pedestrian,Male,75_or_older
20203170,Qld,6,2020,Monday,09:00,Single,50,Pedestrian,Male,75_or_older
20201187,NSW,6,2020,Wednesday,11:25,Single,60,Pedestrian,Male,65_to_74
20201121,NSW,6,2020,Tuesday,17:45,Single,60,Pedestrian,Male,65_to_74
20201239,NSW,6,2020,Thursday,19:30,Single,70,Pedestrian,Male,40_to_64
20202145,Vic,6,2020,Tuesday,18:30,Single,50,Pedestrian,Male,40_to_64
20203199,Qld,6,2020,Tuesday,19:00,Single,70,Pedestrian,Male,65_to_74
20205017,WA,5,2020,Friday,19:45,Multiple,80,Passenger,Female,0_to_16
20205017,WA,5,2020,Friday,19:45,Multiple,80,Passenger,Female,17_to_25
20201189,NSW,5,2020,Saturday,23:25,Multiple,110,Driver,Male,17_to_25
20201101,NSW,5,2020,Sunday,23:30,Multiple,50,Motorcycle pillion passenger,Female,17_to_25
20205019,WA,5,2020,Friday,20:00,Multiple,80,Passenger,Female,26_to_39
20205019,WA,5,2020,Friday,20:00,Multiple,80,Driver,Female,26_to_39
20203100,Qld,5,2020,Saturday,02:00,Single,100,Motorcycle rider,Male,26_to_39
20201233,NSW,5,2020,Sunday,02:30,Single,100,Driver,Male,26_to_39
20206030,Tas,5,2020,Monday,05:30,Single,100,Driver,Male,40_to_64
20202158,Vic,5,2020,Sunday,04:40,Single,80,Driver,Male,40_to_64
20204074,SA,5,2020,Friday,19:46,Multiple,80,Passenger,Male,17_to_25
20204074,SA,5,2020,Friday,19:46,Multiple,80,Motorcycle rider,Male,17_to_25
20205064,WA,5,2020,Friday,23:48,Single,50,Motorcycle rider,Male,26_to_39
20203105,Qld,5,2020,Thursday,20:00,Single,50,Motorcycle pillion passenger,Female,17_to_25
20202112,Vic,5,2020,Thursday,23:00,Single,100,Driver,Male,26_to_39
20203149,Qld,5,2020,Thursday,18:00,Single,100,Passenger,Male,26_to_39
20203149,Qld,5,2020,Thursday,18:00,Single,100,Passenger,Male,26_to_39
20202100,Vic,5,2020,Wednesday,04:39,Single,100,Driver,Male,26_to_39
20204026,SA,5,2020,Tuesday,02:30,Single,80,Passenger,Male,17_to_25
20203149,Qld,5,2020,Thursday,18:00,Single,100,Passenger,Male,40_to_64
20201141,NSW,5,2020,Wednesday,22:40,Multiple,100,Driver,Male,26_to_39
20201087,NSW,5,2020,Saturday,15:05,Multiple,60,Passenger,Female,0_to_16
20203171,Qld,5,2020,Sunday,18:00,Single,80,Motorcycle rider,Male,26_to_39
20203248,Qld,5,2020,Sunday,11:00,Single,100,Motorcycle rider,Male,26_to_39
20201247,NSW,5,2020,Saturday,13:30,Single,110,Driver,Female,26_to_39
20204077,SA,5,2020,Sunday,17:46,Single,40,Driver,Male,26_to_39
20203209,Qld,5,2020,Saturday,19:00,Single,50,Passenger,Male,40_to_64
20203145,Qld,5,2020,Sunday,08:00,Single,80,Driver,Female,26_to_39
20201087,NSW,5,2020,Saturday,15:05,Multiple,60,Driver,Female,26_to_39
20203028,Qld,5,2020,Saturday,13:00,Multiple,60,Motorcycle rider,Male,26_to_39
20202075,Vic,5,2020,Saturday,07:34,Multiple,70,Driver,Male,26_to_39
20201009,NSW,5,2020,Sunday,16:30,Single,100,Passenger,Female,26_to_39
20202012,Vic,5,2020,Sunday,17:20,Multiple,60,Pedal cyclist,Female,40_to_64
20205091,WA,5,2020,Saturday,16:50,Single,110,Driver,Male,40_to_64
20201173,NSW,5,2020,Saturday,17:10,Single,50,Driver,Male,40_to_64
20207016,NT,5,2020,Sunday,12:00,Single,60,Motorcycle rider,Male,40_to_64
20203078,Qld,5,2020,Sunday,11:00,Multiple,80,Driver,Female,75_or_older
20201169,NSW,5,2020,Saturday,12:00,Multiple,50,Motorcycle rider,Male,17_to_25
20204019,SA,5,2020,Saturday,15:59,Multiple,100,Driver,Male,26_to_39
20204019,SA,5,2020,Saturday,15:59,Multiple,100,Passenger,Male,26_to_39
20204078,SA,5,2020,Thursday,17:40,Multiple,100,Motorcycle rider,Male,0_to_16
20205034,WA,5,2020,Thursday,17:15,Multiple,110,Driver,Male,17_to_25
20202064,Vic,5,2020,Wednesday,15:47,Single,100,Driver,Male,17_to_25
20203110,Qld,5,2020,Friday,15:00,Multiple,100,Driver,Female,17_to_25
20201260,NSW,5,2020,Tuesday,13:11,Multiple,50,Driver,Male,26_to_39
20203239,Qld,5,2020,Wednesday,13:00,Single,100,Driver,Male,26_to_39
20205023,WA,5,2020,Thursday,16:35,Single,110,Motorcycle rider,Male,26_to_39
20201110,NSW,5,2020,Friday,18:20,Single,100,Passenger,Male,26_to_39
20201137,NSW,5,2020,Friday,14:00,Multiple,60,Motorcycle rider,Male,26_to_39
20205075,WA,5,2020,Tuesday,07:15,Single,110,Driver,Male,26_to_39
20205035,WA,5,2020,Tuesday,06:30,Multiple,60,Pedal cyclist,Male,40_to_64
20201033,NSW,5,2020,Thursday,16:30,Single,50,Pedal cyclist,Male,40_to_64
20201148,NSW,5,2020,Thursday,16:50,Multiple,70,Passenger,Female,40_to_64
20202015,Vic,5,2020,Monday,06:40,Multiple,60,Motorcycle rider,Male,40_to_64
20203089,Qld,5,2020,Thursday,16:00,Multiple,60,Driver,Female,40_to_64
20205038,WA,5,2020,Friday,07:13,Multiple,70,Motorcycle rider,Male,40_to_64
20205006,WA,5,2020,Tuesday,15:52,Single,110,Driver,Male,40_to_64
20205030,WA,5,2020,Wednesday,14:36,Multiple,80,Motorcycle rider,Female,40_to_64
20203250,Qld,5,2020,Tuesday,14:00,Multiple,60,Motorcycle rider,Male,26_to_39
20202022,Vic,5,2020,Tuesday,03:30,Single,100,Driver,Male,17_to_25
20205042,WA,5,2020,Wednesday,16:10,Multiple,70,Driver,Male,75_or_older
20202038,Vic,5,2020,Tuesday,17:30,Single,50,Pedal cyclist,Male,75_or_older
20203093,Qld,5,2020,Monday,08:00,Single,100,Motorcycle rider,Female,75_or_older
20202040,Vic,5,2020,Thursday,15:03,Single,100,Driver,Male,75_or_older
20202040,Vic,5,2020,Thursday,15:03,Single,100,Passenger,Female,75_or_older
20205034,WA,5,2020,Thursday,17:15,Multiple,110,Driver,Male,40_to_64
20203181,Qld,5,2020,Monday,10:00,Multiple,80,Motorcycle rider,Male,65_to_74
20203021,Qld,5,2020,Wednesday,13:00,Multiple,70,Pedal cyclist,Male,40_to_64
20201131,NSW,5,2020,Thursday,16:30,Multiple,80,Driver,Male,17_to_25
20201131,NSW,5,2020,Thursday,16:30,Multiple,80,Passenger,Female,17_to_25
20203155,Qld,5,2020,Wednesday,18:00,Single,80,Passenger,Male,40_to_64
20202122,Vic,5,2020,Saturday,02:57,Single,100,Pedestrian,Male,40_to_64
20201010,NSW,5,2020,Saturday,11:55,Single,50,Pedestrian,Male,75_or_older
20203226,Qld,5,2020,Saturday,01:00,Single,60,Pedestrian,Male,40_to_64
20206024,Tas,5,2020,Wednesday,16:22,Single,50,Pedestrian,Female,40_to_64
20201229,NSW,5,2020,Monday,20:10,Single,80,Pedestrian,Male,26_to_39
20201229,NSW,5,2020,Monday,20:10,Single,80,Pedestrian,Male,40_to_64
20202151,Vic,5,2020,Monday,18:39,Single,50,Pedestrian,Female,40_to_64
20203029,Qld,5,2020,Thursday,02:00,Single,100,Driver,Male,40_to_64
20202098,Vic,5,2020,Wednesday,05:46,Single,100,Driver,Male,40_to_64
20202115,Vic,5,2020,Tuesday,22:00,Single,80,Pedestrian,Male,40_to_64
20203144,Qld,5,2020,Saturday,10:00,Multiple,50,Pedestrian,Male,26_to_39
20205073,WA,4,2020,Sunday,02:00,Single,110,Driver,Male,17_to_25
20201253,NSW,4,2020,Sunday,00:05,Multiple,80,Driver,Male,26_to_39
20202090,Vic,4,2020,Friday,21:10,Multiple,110,Driver,Female,26_to_39
20202090,Vic,4,2020,Friday,21:10,Multiple,110,Driver,Male,26_to_39
20203047,Qld,4,2020,Sunday,01:00,Single,80,Driver,Male,40_to_64
20204021,SA,4,2020,Friday,21:28,Single,100,Passenger,Female,65_to_74
20204044,SA,4,2020,Friday,20:35,Single,80,Driver,Male,17_to_25
20201206,NSW,4,2020,Thursday,02:30,Multiple,80,Motorcycle rider,Male,26_to_39
20202008,Vic,4,2020,Wednesday,22:00,Multiple,100,Driver,Male,26_to_39
20207005,NT,4,2020,Sunday,22:54,Single,100,Driver,Female,26_to_39
20203062,Qld,4,2020,Tuesday,21:00,Single,70,Driver,Male,26_to_39
20202110,Vic,4,2020,Wednesday,20:30,Single,100,Driver,Female,26_to_39
20206032,Tas,4,2020,Tuesday,20:00,Single,100,Driver,Male,40_to_64
20203117,Qld,4,2020,Wednesday,18:00,Multiple,50,Motorcycle rider,Male,40_to_64
20203009,Qld,4,2020,Friday,05:00,Multiple,100,Passenger,Male,40_to_64
20203009,Qld,4,2020,Friday,05:00,Multiple,100,Driver,Female,40_to_64
20202081,Vic,4,2020,Monday,04:50,Single,100,Driver,Male,40_to_64
20203120,Qld,4,2020,Saturday,19:00,Single,50,Motorcycle rider,Male,40_to_64
20203178,Qld,4,2020,Monday,18:00,Multiple,100,Driver,Male,26_to_39
20208003,ACT,4,2020,Saturday,11:30,Multiple,80,Driver,Male,17_to_25
20201209,NSW,4,2020,Saturday,13:48,Single,60,Passenger,Male,17_to_25
20203085,Qld,4,2020,Sunday,17:00,Multiple,100,Driver,Male,17_to_25
20202048,Vic,4,2020,Sunday,13:26,Multiple,80,Driver,Male,26_to_39
20203032,Qld,4,2020,Saturday,19:00,Single,60,Motorcycle rider,Male,40_to_64
20208003,ACT,4,2020,Saturday,11:30,Multiple,80,Passenger,Male,26_to_39
20201211,NSW,4,2020,Saturday,07:50,Multiple,70,Driver,Male,26_to_39
20204070,SA,4,2020,Saturday,13:40,Multiple,60,Passenger,Female,40_to_64
20204070,SA,4,2020,Saturday,13:40,Multiple,60,Driver,Female,40_to_64
20204084,SA,4,2020,Sunday,12:15,Multiple,60,Driver,Male,40_to_64
20201186,NSW,4,2020,Sunday,15:40,Single,80,Passenger,Male,17_to_25
20201186,NSW,4,2020,Sunday,15:40,Single,80,Driver,Male,17_to_25
20205065,WA,4,2020,Saturday,13:03,Multiple,80,Motorcycle rider,Male,40_to_64
20203052,Qld,4,2020,Saturday,07:00,Single,70,Driver,Male,40_to_64
20201008,NSW,4,2020,Sunday,09:35,Multiple,60,Driver,Female,40_to_64
20203240,Qld,4,2020,Sunday,15:00,Single,100,Driver,Male,65_to_74
20201026,NSW,4,2020,Saturday,13:45,Single,100,Driver,Male,26_to_39
20203002,Qld,4,2020,Thursday,08:00,Multiple,100,Driver,Male,17_to_25
20205109,WA,4,2020,Friday,17:54,Single,110,Driver,Female,17_to_25
20201223,NSW,4,2020,Thursday,12:50,Multiple,60,Pedal cyclist,Male,26_to_39
20202003,Vic,4,2020,Friday,06:41,Multiple,100,Driver,Male,26_to_39
20205007,WA,4,2020,Wednesday,06:15,Single,110,Driver,Female,26_to_39
20202128,Vic,4,2020,Thursday,10:00,Single,80,Driver,Male,26_to_39
20201212,NSW,4,2020,Thursday,12:55,Multiple,90,Motorcycle rider,Male,40_to_64
20201014,NSW,4,2020,Thursday,06:00,Single,100,Driver,Male,40_to_64
20201236,NSW,4,2020,Wednesday,08:25,Multiple,60,Motorcycle rider,Male,40_to_64
20203106,Qld,4,2020,Wednesday,09:00,Single,100,Passenger,Male,40_to_64
20205133,WA,4,2020,Tuesday,17:18,Single,50,Motorcycle rider,Male,40_to_64
20203034,Qld,4,2020,Tuesday,12:00,Multiple,60,Motorcycle rider,Male,40_to_64
20201204,NSW,4,2020,Wednesday,09:30,Multiple,100,Motorcycle rider,Female,40_to_64
20201027,NSW,4,2020,Wednesday,06:30,Multiple,80,Pedal cyclist,Male,40_to_64
20203128,Qld,4,2020,Thursday,16:00,Multiple,80,Pedal cyclist,Male,65_to_74
20201028,NSW,4,2020,Tuesday,07:15,Single,100,Driver,Male,65_to_74
20201146,NSW,4,2020,Wednesday,11:15,Multiple,50,Pedal cyclist,Female,65_to_74
20203081,Qld,4,2020,Friday,14:00,Single,60,Driver,Male,75_or_older
20202054,Vic,4,2020,Thursday,13:57,Multiple,100,Driver,Female,75_or_older
20204036,SA,4,2020,Thursday,11:04,Multiple,80,Driver,Male,75_or_older
20203196,Qld,4,2020,Friday,05:00,Multiple,60,Pedal cyclist,Male,40_to_64
20205117,WA,4,2020,Tuesday,15:40,Multiple,80,Driver,Female,75_or_older
20202133,Vic,4,2020,Tuesday,05:59,Multiple,80,Driver,Male,40_to_64
20202044,Vic,4,2020,Wednesday,00:33,Multiple,50,Pedal cyclist,Male,40_to_64
20205062,WA,4,2020,Wednesday,10:01,Multiple,60,Passenger,Male,75_or_older
20205062,WA,4,2020,Wednesday,10:01,Multiple,60,Driver,Female,75_or_older
20202179,Vic,4,2020,Wednesday,12:55,Multiple,60,Passenger,Female,75_or_older
20201215,NSW,4,2020,Monday,15:50,Multiple,80,Motorcycle rider,Male,40_to_64
20201122,NSW,4,2020,Wednesday,10:31,Multiple,80,Driver,Female,40_to_64
20205099,WA,4,2020,Wednesday,10:24,Single,100,Driver,Male,26_to_39
20204047,SA,4,2020,Wednesday,19:00,Single,100,Pedestrian,Female,40_to_64
20201166,NSW,4,2020,Wednesday,05:20,Single,60,Pedestrian,Male,26_to_39
20201105,NSW,4,2020,Wednesday,06:53,Single,60,Pedestrian,Male,75_or_older
20203213,Qld,4,2020,Monday,06:00,Single,60,Pedestrian,Male,75_or_older
20203188,Qld,4,2020,Wednesday,18:00,Single,50,Pedestrian,Male,40_to_64
20202067,Vic,4,2020,Friday,17:29,Single,30,Pedestrian,Male,75_or_older
20201262,NSW,4,2020,Tuesday,16:30,Single,50,Pedestrian,Female,40_to_64
20203164,Qld,4,2020,Friday,00:00,Single,50,Motorcycle rider,Male,26_to_39
20201071,NSW,4,2020,Friday,20:30,Multiple,50,Pedestrian,Female,26_to_39
20201178,NSW,4,2020,Saturday,15:10,Multiple,50,Pedestrian,Male,40_to_64
20202021,Vic,4,2020,Wednesday,17:30,Multiple,100,Pedestrian,-9,-9
20202021,Vic,4,2020,Wednesday,17:30,Multiple,100,Pedestrian,-9,-9
20202021,Vic,4,2020,Wednesday,17:30,Multiple,100,Pedestrian,-9,-9
20202021,Vic,4,2020,Wednesday,17:30,Multiple,100,Pedestrian,-9,-9
20204027,SA,3,2020,Sunday,02:35,Single,100,Driver,Male,17_to_25
20201035,NSW,3,2020,Sunday,22:27,Multiple,50,Passenger,Female,17_to_25
20201001,NSW,3,2020,Sunday,00:10,Single,100,Driver,Male,17_to_25
20205026,WA,3,2020,Saturday,23:04,Single,110,Driver,Male,17_to_25
20205026,WA,3,2020,Saturday,23:04,Single,110,Driver,Male,17_to_25
20203001,Qld,3,2020,Saturday,22:00,Multiple,60,Motorcycle rider,Male,17_to_25
20201164,NSW,3,2020,Saturday,04:21,Single,50,Passenger,Male,17_to_25
20205057,WA,3,2020,Saturday,04:49,Single,110,Driver,Female,17_to_25
20202193,Vic,3,2020,Saturday,01:05,Single,100,Driver,Male,17_to_25
20202177,Vic,3,2020,Saturday,04:17,Single,60,Driver,Male,17_to_25
20202148,Vic,3,2020,Saturday,21:40,Single,100,Driver,Female,17_to_25
20204081,SA,3,2020,Saturday,00:00,Single,100,Driver,Male,26_to_39
20203071,Qld,3,2020,Sunday,00:00,Single,50,Driver,Male,26_to_39
20202042,Vic,3,2020,Friday,19:20,Single,100,Driver,Female,26_to_39
20201181,NSW,3,2020,Sunday,23:45,Single,50,Driver,Male,26_to_39
20202072,Vic,3,2020,Saturday,00:26,Multiple,80,Motorcycle rider,Male,26_to_39
20202183,Vic,3,2020,Saturday,19:27,Single,40,Motorcycle rider,Male,40_to_64
20203230,Qld,3,2020,Monday,23:00,Single,80,Driver,Male,17_to_25
20206019,Tas,3,2020,Friday,00:15,Multiple,100,Driver,Male,17_to_25
20201230,NSW,3,2020,Tuesday,02:20,Single,110,Driver,Male,17_to_25
20203143,Qld,3,2020,Tuesday,00:00,Single,100,Driver,Male,17_to_25
20207008,NT,3,2020,Wednesday,21:45,Single,130,Passenger,Male,17_to_25
20201156,NSW,3,2020,Monday,18:15,Single,60,Motorcycle rider,Male,26_to_39
20202125,Vic,3,2020,Wednesday,05:07,Multiple,60,Pedal cyclist,Male,26_to_39
20202061,Vic,3,2020,Thursday,00:05,Single,70,Driver,Male,26_to_39
20206016,Tas,3,2020,Tuesday,20:25,Multiple,100,Driver,Male,40_to_64
20204029,SA,3,2020,Tuesday,18:35,Single,110,Driver,Male,40_to_64
20202017,Vic,3,2020,Tuesday,04:05,Multiple,60,Motorcycle rider,Male,17_to_25
20201172,NSW,3,2020,Friday,18:05,Multiple,70,Driver,Female,40_to_64
20203003,Qld,3,2020,Thursday,19:00,Multiple,60,Driver,Male,40_to_64
20201220,NSW,3,2020,Thursday,21:17,Single,100,Driver,Male,40_to_64
20204068,SA,3,2020,Saturday,12:43,Multiple,100,Passenger,Male,0_to_16
20205012,WA,3,2020,Saturday,04:23,Single,80,Passenger,Male,40_to_64
20201179,NSW,3,2020,Sunday,14:30,Single,100,Driver,Female,17_to_25
20204013,SA,3,2020,Saturday,15:17,Multiple,90,Passenger,Female,17_to_25
20201098,NSW,3,2020,Saturday,06:05,Single,100,Driver,Male,17_to_25
20205051,WA,3,2020,Saturday,16:35,Multiple,60,Motorcycle rider,Male,17_to_25
20204067,SA,3,2020,Saturday,15:35,Single,100,Driver,Male,17_to_25
20203115,Qld,3,2020,Sunday,10:00,Multiple,60,Passenger,Male,40_to_64
20204064,SA,3,2020,Sunday,09:50,Single,110,Passenger,Male,40_to_64
20204041,SA,3,2020,Saturday,14:28,Single,80,Motorcycle rider,Male,40_to_64
20205127,WA,3,2020,Saturday,06:45,Multiple,110,Driver,Male,65_to_74
20202007,Vic,3,2020,Saturday,14:16,Multiple,60,Driver,Male,75_or_older
20202062,Vic,3,2020,Saturday,12:40,Multiple,80,Driver,Male,75_or_older
20204005,SA,3,2020,Saturday,10:30,Single,110,Driver,Male,75_or_older
20201216,NSW,3,2020,Sunday,12:30,Single,80,Motorcycle rider,Male,75_or_older
20202086,Vic,3,2020,Sunday,15:36,Single,100,Driver,Female,75_or_older
20204015,SA,3,2020,Sunday,12:27,Single,110,Passenger,Female,17_to_25
20205049,WA,3,2020,Sunday,10:00,Single,110,Driver,Female,26_to_39
20203194,Qld,3,2020,Sunday,11:00,Single,100,Passenger,Female,75_or_older
20203194,Qld,3,2020,Sunday,11:00,Single,100,Driver,Male,75_or_older
20201167,NSW,3,2020,Sunday,12:40,Multiple,90,Driver,Male,75_or_older
20201057,NSW,3,2020,Wednesday,16:55,Multiple,100,Passenger,Male,0_to_16
20202071,Vic,3,2020,Wednesday,13:41,Multiple,60,Pedal cyclist,Female,17_to_25
20201255,NSW,3,2020,Tuesday,11:30,Single,100,Driver,Female,17_to_25
20201134,NSW,3,2020,Thursday,09:30,Multiple,60,Driver,Female,17_to_25
20205066,WA,3,2020,Tuesday,06:20,Single,110,Driver,Male,26_to_39
20201057,NSW,3,2020,Wednesday,16:55,Multiple,100,Driver,Female,26_to_39
20205081,WA,3,2020,Monday,05:05,Multiple,90,Driver,Male,40_to_64
20202170,Vic,3,2020,Monday,12:24,Multiple,60,Motorcycle rider,Male,26_to_39
20204065,SA,3,2020,Thursday,13:23,Multiple,50,Motorcycle rider,Male,26_to_39
20203121,Qld,3,2020,Thursday,11:00,Multiple,100,Driver,Male,26_to_39
20202032,Vic,3,2020,Monday,06:40,Multiple,80,Other/-9,Male,26_to_39
20202180,Vic,3,2020,Monday,08:30,Multiple,100,Driver,Female,26_to_39
20202049,Vic,3,2020,Wednesday,15:14,Multiple,80,Pedal cyclist,Male,0_to_16
20206029,Tas,3,2020,Wednesday,07:35,Single,100,Passenger,Female,17_to_25
20202140,Vic,3,2020,Monday,15:16,Single,60,Motorcycle rider,Female,40_to_64
20201129,NSW,3,2020,Wednesday,17:30,Single,100,Motorcycle rider,Male,40_to_64
20204031,SA,3,2020,Thursday,06:49,Single,110,Driver,Male,40_to_64
20203103,Qld,3,2020,Tuesday,10:00,Single,80,Driver,Female,40_to_64
20203243,Qld,3,2020,Thursday,08:00,Multiple,60,Motorcycle rider,Male,40_to_64
20201133,NSW,3,2020,Thursday,13:10,Single,100,Passenger,Male,40_to_64
20203193,Qld,3,2020,Friday,10:00,Multiple,100,Driver,Male,40_to_64
20203205,Qld,3,2020,Monday,11:00,Single,70,Motorcycle rider,Male,40_to_64
20202029,Vic,3,2020,Monday,07:05,Multiple,100,Motorcycle rider,Male,40_to_64
20202095,Vic,3,2020,Monday,12:00,Single,50,Motorcycle rider,Male,40_to_64
20202066,Vic,3,2020,Monday,06:47,Multiple,80,Motorcycle rider,Male,40_to_64
20201235,NSW,3,2020,Wednesday,10:40,Single,60,Driver,Male,65_to_74
20202009,Vic,3,2020,Tuesday,16:41,Multiple,100,Driver,Female,65_to_74
20204007,SA,3,2020,Wednesday,08:15,Single,100,Driver,Male,65_to_74
20201114,NSW,3,2020,Friday,14:05,Multiple,50,Driver,Male,65_to_74
20203204,Qld,3,2020,Tuesday,05:00,Multiple,100,Driver,Male,17_to_25
20202034,Vic,3,2020,Wednesday,08:50,Multiple,70,Pedal cyclist,Male,65_to_74
20203109,Qld,3,2020,Tuesday,15:00,Multiple,100,Motorcycle rider,Male,65_to_74
20203234,Qld,3,2020,Monday,17:00,Single,60,Driver,Male,65_to_74
20205059,WA,3,2020,Monday,12:50,Single,110,Driver,Male,65_to_74
20205100,WA,3,2020,Friday,14:35,Single,60,Passenger,Female,75_or_older
20203051,Qld,3,2020,Friday,15:00,Multiple,100,Driver,Female,75_or_older
20203216,Qld,3,2020,Tuesday,10:00,Multiple,80,Driver,Male,75_or_older
20201062,NSW,3,2020,Friday,08:30,Multiple,100,Driver,Male,75_or_older
20201074,NSW,3,2020,Wednesday,14:17,Single,80,Motorcycle rider,Male,40_to_64
20203051,Qld,3,2020,Friday,15:00,Multiple,100,Passenger,Male,65_to_74
20204012,SA,3,2020,Tuesday,19:16,Multiple,100,Driver,Female,40_to_64
20203015,Qld,3,2020,Sunday,03:00,Single,50,Pedestrian,Female,0_to_16
20202102,Vic,3,2020,Tuesday,03:10,Single,50,Pedestrian,Male,40_to_64
20203151,Qld,3,2020,Saturday,09:00,Single,60,Pedestrian,Female,65_to_74
20202185,Vic,3,2020,Thursday,13:40,Single,40,Pedestrian,Female,0_to_16
20201059,NSW,3,2020,Tuesday,06:50,Single,50,Pedestrian,Female,40_to_64
20202076,Vic,3,2020,Monday,12:55,Single,50,Pedestrian,Female,75_or_older
20201174,NSW,3,2020,Tuesday,12:45,Single,70,Pedestrian,Male,75_or_older
20203246,Qld,3,2020,Monday,19:00,Multiple,60,Passenger,Female,75_or_older
20203020,Qld,3,2020,Wednesday,07:00,Single,50,Pedestrian,Female,75_or_older
20201069,NSW,2,2020,Saturday,03:40,Multiple,100,Driver,Male,17_to_25
20201069,NSW,2,2020,Saturday,03:40,Multiple,100,Passenger,Male,17_to_25
20205086,WA,2,2020,Saturday,21:51,Single,50,Passenger,Male,17_to_25
20202018,Vic,2,2020,Saturday,23:23,Multiple,60,Motorcycle rider,Male,17_to_25
20204045,SA,2,2020,Saturday,23:30,Single,110,Driver,Female,17_to_25
20207012,NT,2,2020,Friday,23:00,Multiple,70,Driver,Male,17_to_25
20202150,Vic,2,2020,Saturday,21:30,Multiple,100,Pedal cyclist,Male,26_to_39
20201111,NSW,2,2020,Saturday,01:30,Single,100,Driver,Male,26_to_39
20203112,Qld,2,2020,Sunday,02:00,Single,50,Motorcycle rider,Male,17_to_25
20205128,WA,2,2020,Sunday,18:19,Single,50,Motorcycle rider,Male,26_to_39
20205131,WA,2,2020,Saturday,18:36,Single,60,Driver,Male,40_to_64
20206008,Tas,2,2020,Sunday,18:18,Single,100,Motorcycle rider,Male,40_to_64
20203017,Qld,2,2020,Friday,23:00,Multiple,90,Driver,Female,26_to_39
20206003,Tas,2,2020,Wednesday,05:30,Multiple,110,Driver,Male,26_to_39
20202011,Vic,2,2020,Tuesday,21:58,Multiple,60,Passenger,Male,26_to_39
20202011,Vic,2,2020,Tuesday,21:58,Multiple,60,Driver,Male,26_to_39
20207012,NT,2,2020,Friday,23:00,Multiple,70,Driver,Female,26_to_39
20203146,Qld,2,2020,Thursday,19:00,Multiple,80,Motorcycle rider,Male,40_to_64
20203167,Qld,2,2020,Tuesday,04:00,Multiple,100,Driver,Male,40_to_64
20203167,Qld,2,2020,Tuesday,04:00,Multiple,100,Passenger,Male,40_to_64
20206003,Tas,2,2020,Wednesday,05:30,Multiple,110,Driver,Male,65_to_74
20201077,NSW,2,2020,Thursday,21:30,Single,100,Driver,Male,17_to_25
20203083,Qld,2,2020,Monday,20:00,Multiple,60,Driver,Male,26_to_39
20202031,Vic,2,2020,Monday,19:05,Single,100,Driver,Female,26_to_39
20202191,Vic,2,2020,Tuesday,00:01,Single,80,Driver,Male,26_to_39
20201015,NSW,2,2020,Thursday,05:40,Multiple,70,Passenger,Female,26_to_39
20201170,NSW,2,2020,Sunday,18:35,Single,100,Driver,Male,40_to_64
20204048,SA,2,2020,Sunday,12:57,Multiple,110,Driver,Male,26_to_39
20202189,Vic,2,2020,Saturday,13:15,Single,80,Driver,Male,40_to_64
20202171,Vic,2,2020,Sunday,11:22,Single,100,Pedal cyclist,Male,40_to_64
20202105,Vic,2,2020,Saturday,14:55,Multiple,80,Passenger,Female,40_to_64
20201038,NSW,2,2020,Saturday,08:45,Single,70,Pedal cyclist,Male,40_to_64
20205068,WA,2,2020,Saturday,11:33,Single,110,Passenger,Male,40_to_64
20201162,NSW,2,2020,Sunday,16:41,Multiple,60,Motorcycle rider,Male,40_to_64
20203038,Qld,2,2020,Sunday,15:00,Single,100,Motorcycle rider,Male,40_to_64
20203026,Qld,2,2020,Sunday,14:00,Multiple,100,Driver,Male,75_or_older
20201050,NSW,2,2020,Friday,17:35,Single,100,Driver,Male,17_to_25
20202033,Vic,2,2020,Monday,09:11,Multiple,100,Driver,Female,17_to_25
20204010,SA,2,2020,Wednesday,12:45,Multiple,60,Motorcycle rider,Male,17_to_25
20203008,Qld,2,2020,Thursday,16:00,Single,50,Driver,Male,26_to_39
20205074,WA,2,2020,Wednesday,17:09,Single,100,Motorcycle rider,Male,26_to_39
20202063,Vic,2,2020,Monday,09:55,Single,100,Driver,Male,26_to_39
20203104,Qld,2,2020,Wednesday,16:00,Single,50,Passenger,Male,26_to_39
20201258,NSW,2,2020,Thursday,14:40,Multiple,50,Motorcycle rider,Male,26_to_39
20206011,Tas,2,2020,Thursday,17:25,Multiple,110,Driver,Male,40_to_64
20207028,NT,2,2020,Thursday,08:00,Multiple,100,Driver,Female,40_to_64
20202160,Vic,2,2020,Friday,12:10,Single,100,Motorcycle rider,Male,40_to_64
20201165,NSW,2,2020,Friday,15:15,Single,60,Driver,Male,40_to_64
20205085,WA,2,2020,Monday,08:55,Multiple,80,Driver,Female,40_to_64
20201082,NSW,2,2020,Tuesday,17:59,Multiple,60,Pedal cyclist,Male,0_to_16
20203039,Qld,2,2020,Friday,12:00,Multiple,100,Driver,Female,40_to_64
20207027,NT,2,2020,Monday,16:00,Single,100,Motorcycle rider,Male,40_to_64
20202030,Vic,2,2020,Thursday,17:27,Single,100,Driver,Male,40_to_64
20203237,Qld,2,2020,Tuesday,13:00,Multiple,100,Motorcycle rider,Male,40_to_64
20205079,WA,2,2020,Monday,07:54,Single,110,Driver,Male,40_to_64
20201102,NSW,2,2020,Tuesday,11:20,Multiple,80,Driver,Female,40_to_64
20205130,WA,2,2020,Wednesday,16:20,Multiple,50,Pedal cyclist,Male,26_to_39
20205025,WA,2,2020,Monday,09:30,Single,110,Driver,Male,65_to_74
20202195,Vic,2,2020,Wednesday,10:19,Single,80,Driver,Male,65_to_74
20202027,Vic,2,2020,Friday,12:11,Multiple,80,Passenger,Female,75_or_older
20202059,Vic,2,2020,Tuesday,12:50,Single,100,Driver,Male,75_or_older
20205004,WA,2,2020,Wednesday,15:43,Multiple,50,Passenger,Male,75_or_older
20206003,Tas,2,2020,Wednesday,05:30,Multiple,110,Passenger,Male,40_to_64
20205002,WA,2,2020,Friday,13:55,Single,90,Passenger,Female,75_or_older
20205002,WA,2,2020,Friday,13:55,Single,90,Passenger,Male,75_or_older
20202192,Vic,2,2020,Monday,10:15,Multiple,80,Driver,Male,75_or_older
20204066,SA,2,2020,Tuesday,06:30,Multiple,80,Pedal cyclist,Female,40_to_64
20201025,NSW,2,2020,Thursday,08:45,Multiple,80,Driver,Female,75_or_older
20201006,NSW,2,2020,Monday,18:18,Single,100,Driver,Male,40_to_64
20201003,NSW,2,2020,Wednesday,23:05,Multiple,60,Pedal cyclist,Male,40_to_64
20202173,Vic,2,2020,Sunday,05:49,Single,60,Pedestrian,Male,17_to_25
20204003,SA,2,2020,Saturday,02:18,Single,80,Pedestrian,Female,40_to_64
20204003,SA,2,2020,Saturday,02:18,Single,80,Pedestrian,Male,40_to_64
20206018,Tas,2,2020,Saturday,01:10,Single,50,Pedestrian,Male,26_to_39
20201021,NSW,2,2020,Saturday,22:50,Single,60,Pedestrian,Female,40_to_64
20201198,NSW,2,2020,Sunday,15:06,Single,50,Pedestrian,Male,40_to_64
20201132,NSW,2,2020,Saturday,05:35,Single,50,Pedestrian,Male,65_to_74
20204057,SA,2,2020,Tuesday,02:55,Single,110,Driver,Male,75_or_older
20203095,Qld,2,2020,Friday,20:00,Single,100,Pedestrian,Male,65_to_74
20201221,NSW,2,2020,Monday,07:05,Single,110,Pedestrian,Male,40_to_64
20204035,SA,2,2020,Friday,02:26,Single,50,Pedestrian,Male,26_to_39
20201214,NSW,2,2020,Thursday,10:40,Single,50,Pedestrian,Male,75_or_older
20201116,NSW,2,2020,Tuesday,15:10,Single,50,Pedestrian,Female,75_or_older
20203127,Qld,2,2020,Friday,15:00,Single,70,Pedestrian,Male,0_to_16
20201089,NSW,2,2020,Thursday,21:15,Single,60,Pedestrian,Male,40_to_64
20203076,Qld,2,2020,Tuesday,09:00,Single,40,Pedestrian,Female,75_or_older
20201034,NSW,2,2020,Wednesday,05:00,Single,60,Pedestrian,Male,75_or_older
20201248,NSW,2,2020,Wednesday,00:57,Single,40,Pedestrian,Male,17_to_25
20201113,NSW,2,2020,Saturday,19:50,Multiple,50,Pedestrian,Female,0_to_16
20201113,NSW,2,2020,Saturday,19:50,Multiple,50,Pedestrian,Male,0_to_16
20201113,NSW,2,2020,Saturday,19:50,Multiple,50,Pedestrian,Female,0_to_16
20201113,NSW,2,2020,Saturday,19:50,Multiple,50,Pedestrian,Female,0_to_16
20201029,NSW,2,2020,Friday,10:13,Multiple,50,Pedestrian,Female,26_to_39
20203218,Qld,1,2020,Sunday,00:00,Single,100,Passenger,Male,0_to_16
20206031,Tas,1,2020,Friday,23:47,Single,60,Driver,Female,17_to_25
20201201,NSW,1,2020,Sunday,04:25,Single,110,Passenger,Male,17_to_25
20204023,SA,1,2020,Friday,18:33,Multiple,100,Driver,Male,26_to_39
20202016,Vic,1,2020,Friday,22:20,Single,100,Driver,Male,40_to_64
20201225,NSW,1,2020,Monday,05:05,Multiple,50,Pedal cyclist,Male,65_to_74
20203184,Qld,1,2020,Monday,22:00,Single,100,Driver,Female,17_to_25
20201154,NSW,1,2020,Tuesday,02:10,Single,100,Passenger,Female,26_to_39
20202131,Vic,1,2020,Monday,22:00,Multiple,50,Passenger,Male,26_to_39
20201016,NSW,1,2020,Monday,18:00,Multiple,100,Passenger,Female,26_to_39
20201154,NSW,1,2020,Tuesday,02:10,Single,100,Driver,Male,26_to_39
20203184,Qld,1,2020,Monday,22:00,Single,100,Passenger,Male,26_to_39
20201103,NSW,1,2020,Wednesday,02:59,Single,40,Motorcycle rider,Male,26_to_39
20205120,WA,1,2020,Wednesday,22:17,Single,110,Driver,Male,26_to_39
20202137,Vic,1,2020,Thursday,21:50,Single,100,Driver,Male,26_to_39
20204050,SA,1,2020,Thursday,21:15,Single,80,Motorcycle rider,Male,26_to_39
20202175,Vic,1,2020,Wednesday,00:40,Single,60,Driver,Female,26_to_39
20202131,Vic,1,2020,Monday,22:00,Multiple,50,Passenger,Male,26_to_39
20202078,Vic,1,2020,Thursday,20:20,Single,100,Driver,Male,40_to_64
20201075,NSW,1,2020,Monday,19:20,Multiple,50,Pedal cyclist,Male,40_to_64
20205097,WA,1,2020,Thursday,19:10,Multiple,110,Driver,Male,65_to_74
20203122,Qld,1,2020,Friday,19:00,Multiple,70,Motorcycle rider,Male,26_to_39
20202134,Vic,1,2020,Wednesday,01:45,Single,60,Driver,Male,17_to_25
20202068,Vic,1,2020,Tuesday,04:22,Single,50,Driver,Female,26_to_39
20202135,Vic,1,2020,Sunday,15:20,Multiple,80,Driver,Female,26_to_39
20205071,WA,1,2020,Sunday,15:50,Single,110,Passenger,Female,26_to_39
20204054,SA,1,2020,Saturday,13:50,Multiple,110,Driver,Male,26_to_39
20204072,SA,1,2020,Saturday,13:29,Multiple,100,Motorcycle rider,Male,26_to_39
20204072,SA,1,2020,Saturday,13:29,Multiple,100,Motorcycle rider,Male,26_to_39
20205071,WA,1,2020,Sunday,15:50,Single,110,Driver,Male,40_to_64
20205090,WA,1,2020,Sunday,09:40,Multiple,80,Motorcycle rider,Male,40_to_64
20205132,WA,1,2020,Saturday,14:40,Multiple,110,Driver,Female,40_to_64
20204058,SA,1,2020,Sunday,13:25,Single,110,Motorcycle rider,Male,40_to_64
20206004,Tas,1,2020,Monday,00:05,Single,100,Driver,Male,40_to_64
20201024,NSW,1,2020,Saturday,14:50,Multiple,70,Passenger,Female,65_to_74
20205132,WA,1,2020,Saturday,14:40,Multiple,110,Passenger,Female,75_or_older
20205111,WA,1,2020,Tuesday,14:30,Single,110,Driver,Male,17_to_25
20201183,NSW,1,2020,Friday,23:00,Single,110,Driver,Male,40_to_64
20207020,NT,1,2020,Wednesday,14:00,Single,50,Passenger,Male,17_to_25
20201063,NSW,1,2020,Friday,13:45,Single,90,Driver,Male,26_to_39
20201011,NSW,1,2020,Friday,17:15,Multiple,110,Passenger,Female,26_to_39
20205094,WA,1,2020,Monday,13:29,Multiple,70,Motorcycle rider,Male,26_to_39
20202186,Vic,1,2020,Monday,11:15,Multiple,60,Motorcycle rider,Male,26_to_39
20203195,Qld,1,2020,Wednesday,12:00,Single,100,Driver,Male,26_to_39
20205027,WA,1,2020,Thursday,15:57,Multiple,60,Driver,Male,26_to_39
20201020,NSW,1,2020,Tuesday,15:45,Multiple,100,Driver,Male,26_to_39
20202168,Vic,1,2020,Thursday,16:20,Single,50,Driver,Male,26_to_39
20203166,Qld,1,2020,Thursday,07:00,Multiple,60,Motorcycle rider,Male,26_to_39
20202096,Vic,1,2020,Monday,15:35,Multiple,100,Driver,Male,17_to_25
20206007,Tas,1,2020,Monday,17:15,Multiple,100,Driver,Male,40_to_64
20206020,Tas,1,2020,Wednesday,10:32,Multiple,80,Driver,Male,40_to_64
20201081,NSW,1,2020,Friday,17:15,Single,100,Motorcycle rider,Male,40_to_64
20203249,Qld,1,2020,Friday,15:00,Single,100,Driver,Male,26_to_39
20202129,Vic,1,2020,Friday,07:50,Single,100,Driver,Male,40_to_64
20202083,Vic,1,2020,Tuesday,17:24,Multiple,100,Passenger,Male,40_to_64
20201020,NSW,1,2020,Tuesday,15:45,Multiple,100,Driver,Male,40_to_64
20202111,Vic,1,2020,Friday,13:40,Multiple,100,Passenger,Male,40_to_64
20202002,Vic,1,2020,Thursday,14:18,Single,50,Passenger,Female,40_to_64
20202088,Vic,1,2020,Wednesday,02:00,Multiple,60,Motorcycle rider,Male,26_to_39
20202002,Vic,1,2020,Thursday,14:18,Single,50,Driver,Male,65_to_74
20204042,SA,1,2020,Thursday,11:45,Single,60,Passenger,Male,75_or_older
20201200,NSW,1,2020,Monday,10:45,Single,100,Driver,Male,75_or_older
20202035,Vic,1,2020,Wednesday,13:08,Multiple,60,Passenger,Female,75_or_older
20201092,NSW,1,2020,Wednesday,10:50,Multiple,50,Driver,Male,75_or_older
20202116,Vic,1,2020,Friday,15:10,Multiple,50,Driver,Male,75_or_older
20203097,Qld,1,2020,Friday,14:00,Multiple,100,Driver,Male,75_or_older
20201117,NSW,1,2020,Tuesday,02:15,Single,100,Driver,Male,40_to_64
20201044,NSW,1,2020,Thursday,11:00,Multiple,60,Motorcycle rider,Male,40_to_64
20205080,WA,1,2020,Wednesday,10:00,Single,110,Passenger,Male,17_to_25
20203123,Qld,1,2020,Friday,23:00,Single,10,Pedestrian,Male,17_to_25
20201053,NSW,1,2020,Sunday,22:40,Single,60,Pedestrian,Female,75_or_older
20202014,Vic,1,2020,Sunday,23:25,Single,60,Pedestrian,Male,26_to_39
20201094,NSW,1,2020,Friday,22:01,Single,100,Pedestrian,Male,40_to_64
20206002,Tas,1,2020,Saturday,12:30,Single,50,Pedestrian,Female,75_or_older
20201124,NSW,1,2020,Thursday,14:30,Single,70,Pedestrian,Male,26_to_39
20203233,Qld,1,2020,Thursday,20:00,Single,100,Pedestrian,Male,17_to_25
20201145,NSW,1,2020,Monday,21:10,Single,100,Pedestrian,Male,17_to_25
20202156,Vic,1,2020,Friday,06:00,Single,50,Pedestrian,Male,75_or_older
20204020,SA,1,2020,Wednesday,12:58,Single,50,Pedestrian,Female,75_or_older
20201154,NSW,1,2020,Tuesday,02:10,Single,100,Passenger,Female,17_to_25
20202069,Vic,1,2020,Tuesday,22:00,Single,100,Pedestrian,Male,40_to_64
20206001,Tas,1,2020,Monday,20:25,Multiple,50,Pedestrian,Male,40_to_64
20213214,Qld,12,2021,Friday,21:00,Multiple,80,Motorcycle rider,Male,17_to_25
20211159,NSW,12,2021,Sunday,05:00,Single,80,Driver,Male,17_to_25
20211198,NSW,12,2021,Saturday,18:25,Single,100,Passenger,Female,26_to_39
20212139,Vic,12,2021,Friday,19:12,Multiple,60,Motorcycle rider,Male,26_to_39
20213039,Qld,12,2021,Monday,05:00,Single,100,Driver,Male,26_to_39
20217001,NT,12,2021,Friday,21:00,Single,110,Passenger,Female,40_to_64
20217001,NT,12,2021,Friday,21:00,Single,110,Driver,Male,40_to_64
20211257,NSW,12,2021,Friday,19:20,Multiple,60,Motorcycle rider,Male,40_to_64
20211063,NSW,12,2021,Sunday,19:40,Single,50,Motorcycle rider,Male,40_to_64
20212111,Vic,12,2021,Sunday,21:15,Single,100,Driver,Male,-9
20211072,NSW,12,2021,Sunday,18:45,Multiple,100,Driver,Male,40_to_64
20212003,Vic,12,2021,Wednesday,18:32,Single,60,Driver,Male,0_to_16
20211204,NSW,12,2021,Monday,19:28,Multiple,50,Motorcycle rider,Male,17_to_25
20212179,Vic,12,2021,Wednesday,22:15,Single,-9,Passenger,Male,17_to_25
20213226,Qld,12,2021,Wednesday,20:00,Multiple,100,Driver,Female,40_to_64
20215052,WA,12,2021,Friday,04:11,Single,110,Driver,Male,-9
20211111,NSW,12,2021,Monday,21:10,Single,50,Motorcycle rider,Male,17_to_25
20214042,SA,12,2021,Tuesday,05:40,Single,100,Driver,Male,17_to_25
20213031,Qld,12,2021,Wednesday,00:00,Single,50,Motorcycle rider,Male,17_to_25
20211250,NSW,12,2021,Wednesday,05:42,Multiple,70,Motorcycle rider,Male,17_to_25
20211124,NSW,12,2021,Wednesday,22:20,Single,100,Driver,Male,40_to_64
20217017,NT,12,2021,Friday,23:12,Single,50,Passenger,Male,40_to_64
20215152,WA,12,2021,Sunday,06:00,Single,80,Driver,Male,17_to_25
20211249,NSW,12,2021,Saturday,04:20,Single,80,Motorcycle rider,Male,40_to_64
20211078,NSW,12,2021,Saturday,10:20,Multiple,60,Motorcycle rider,Male,40_to_64
20212189,Vic,12,2021,Saturday,13:50,Multiple,60,Motorcycle rider,Male,40_to_64
20215036,WA,12,2021,Saturday,11:02,Single,110,Driver,Male,40_to_64
20211173,NSW,12,2021,Sunday,12:40,Single,80,Motorcycle rider,Male,40_to_64
20214020,SA,12,2021,Saturday,15:00,Single,110,Driver,Male,40_to_64
20212162,Vic,12,2021,Saturday,14:40,Multiple,100,Driver,Male,40_to_64
20213180,Qld,12,2021,Saturday,16:00,Multiple,50,Pedal cyclist,Male,40_to_64
20215095,WA,12,2021,Saturday,08:46,Multiple,50,Motorcycle rider,Male,65_to_74
20211227,NSW,12,2021,Saturday,10:00,Multiple,100,Driver,Female,65_to_74
20217009,NT,12,2021,Friday,13:35,Single,90,Passenger,Male,0_to_16
20215082,WA,12,2021,Tuesday,17:07,Single,50,Passenger,Male,0_to_16
20213056,Qld,12,2021,Friday,17:00,Single,60,Passenger,Female,0_to_16
20212212,Vic,12,2021,Monday,14:30,Multiple,110,Passenger,Female,0_to_16
20212069,Vic,12,2021,Friday,07:51,Single,100,Motorcycle rider,Male,17_to_25
20214026,SA,12,2021,Tuesday,07:30,Single,110,Driver,Male,17_to_25
20213210,Qld,12,2021,Thursday,10:00,Single,80,Pedal cyclist,Male,17_to_25
20211036,NSW,12,2021,Monday,09:30,Multiple,100,Motorcycle rider,Male,17_to_25
20211051,NSW,12,2021,Thursday,10:20,Multiple,60,Driver,Male,17_to_25
20212118,Vic,12,2021,Thursday,15:40,Single,100,Driver,Male,26_to_39
20215143,WA,12,2021,Tuesday,15:56,Multiple,100,Driver,Male,26_to_39
20214003,SA,12,2021,Tuesday,15:00,Single,110,Driver,Male,26_to_39
20211254,NSW,12,2021,Monday,15:50,Multiple,80,Driver,Male,26_to_39
20211046,NSW,12,2021,Wednesday,07:30,Single,100,Driver,Male,26_to_39
20212199,Vic,12,2021,Monday,10:20,Multiple,100,Passenger,Female,26_to_39
20218005,ACT,12,2021,Monday,12:00,Single,80,Driver,Female,26_to_39
20211146,NSW,12,2021,Wednesday,13:50,Multiple,80,Motorcycle rider,Male,17_to_25
20215045,WA,12,2021,Thursday,17:39,Multiple,110,Driver,Male,40_to_64
20212111,Vic,12,2021,Sunday,21:15,Single,100,Passenger,Male,-9
20211161,NSW,12,2021,Friday,12:32,Multiple,100,Motorcycle rider,Male,40_to_64
20214088,SA,12,2021,Monday,14:42,Multiple,60,Passenger,Female,40_to_64
20211013,NSW,12,2021,Tuesday,06:25,Multiple,80,Driver,Male,40_to_64
20215138,WA,12,2021,Thursday,17:40,Single,60,Motorcycle rider,Male,40_to_64
20212183,Vic,12,2021,Thursday,16:10,Multiple,80,Motorcycle rider,Male,40_to_64
20211076,NSW,12,2021,Tuesday,13:00,Single,50,Motorcycle rider,Male,40_to_64
20211177,NSW,12,2021,Wednesday,16:30,Single,50,Passenger,Male,40_to_64
20215019,WA,12,2021,Tuesday,16:22,Single,100,Motorcycle rider,Male,40_to_64
20211042,NSW,12,2021,Thursday,10:50,Multiple,100,Driver,Male,40_to_64
20215113,WA,12,2021,Wednesday,13:20,Single,110,Motorcycle rider,Male,40_to_64
20215033,WA,12,2021,Thursday,16:37,Multiple,80,Driver,Male,40_to_64
20212033,Vic,12,2021,Friday,11:48,Single,80,Driver,Male,26_to_39
20212199,Vic,12,2021,Monday,10:20,Multiple,100,Passenger,Female,65_to_74
20213247,Qld,12,2021,Friday,06:00,Single,40,Pedal cyclist,Male,65_to_74
20216004,Tas,12,2021,Friday,13:55,Single,100,Driver,Male,65_to_74
20215001,WA,12,2021,Friday,06:00,Single,100,Driver,Male,65_to_74
20212151,Vic,12,2021,Tuesday,12:19,Multiple,100,Motorcycle rider,Male,65_to_74
20211181,NSW,12,2021,Tuesday,13:00,Multiple,60,Motorcycle rider,Male,65_to_74
20215114,WA,12,2021,Wednesday,11:50,Single,90,Pedestrian,Female,65_to_74
20213140,Qld,12,2021,Friday,02:00,Single,100,Passenger,Female,0_to_16
20212151,Vic,12,2021,Tuesday,12:19,Multiple,100,Motorcycle rider,Male,75_or_older
20211199,NSW,12,2021,Wednesday,10:30,Multiple,100,Pedal cyclist,Male,75_or_older
20215013,WA,12,2021,Tuesday,13:07,Multiple,50,Pedestrian,Male,40_to_64
20211226,NSW,12,2021,Tuesday,07:45,Single,70,Pedal cyclist,Male,75_or_older
20213148,Qld,12,2021,Thursday,16:00,Multiple,80,Pedal cyclist,Male,75_or_older
20216025,Tas,12,2021,Thursday,23:00,Single,80,Driver,Male,26_to_39
20211219,NSW,12,2021,Thursday,21:20,Multiple,70,Motorcycle rider,Male,26_to_39
20213146,Qld,12,2021,Thursday,02:00,Single,110,Driver,Male,26_to_39
20212024,Vic,12,2021,Friday,05:37,Multiple,70,Driver,Male,26_to_39
20213145,Qld,12,2021,Wednesday,16:00,Single,50,Driver,Female,75_or_older
20212119,Vic,12,2021,Friday,13:31,Multiple,100,Passenger,Female,75_or_older
20212159,Vic,12,2021,Tuesday,11:49,Multiple,100,Motorcycle rider,Male,40_to_64
20213160,Qld,12,2021,Monday,11:00,Multiple,100,Motorcycle rider,Male,40_to_64
20213135,Qld,12,2021,Saturday,22:00,Single,60,Pedestrian,Male,26_to_39
20214092,SA,12,2021,Monday,23:16,Single,80,Pedestrian,Male,26_to_39
20217031,NT,12,2021,Sunday,00:25,Single,50,Pedestrian,Male,26_to_39
20211122,NSW,12,2021,Friday,08:10,Single,50,Pedestrian,Male,0_to_16
20214021,SA,12,2021,Saturday,21:25,Single,100,Pedestrian,Female,26_to_39
20216006,Tas,12,2021,Wednesday,20:24,Multiple,100,Motorcycle rider,Female,75_or_older
20216008,Tas,12,2021,Thursday,19:35,Single,80,Driver,Male,75_or_older
20218003,ACT,12,2021,Wednesday,11:25,Single,-9,Pedestrian,Male,40_to_64
20212196,Vic,12,2021,Thursday,14:20,Single,60,Pedestrian,Female,65_to_74
20212149,Vic,12,2021,Wednesday,14:35,Single,70,Pedestrian,Male,75_or_older
20212138,Vic,12,2021,Thursday,11:31,Single,50,Pedestrian,Female,75_or_older
20211012,NSW,12,2021,Wednesday,14:00,Single,70,Pedestrian,Female,65_to_74
20211231,NSW,12,2021,Wednesday,09:07,Single,60,Pedestrian,Male,75_or_older
20211182,NSW,12,2021,Tuesday,01:00,Single,100,Driver,Male,0_to_16
20212109,Vic,12,2021,Friday,15:10,Single,50,Pedestrian,Male,65_to_74
20211011,NSW,12,2021,Thursday,23:10,Single,100,Driver,Male,17_to_25
20212123,Vic,12,2021,Friday,08:09,Multiple,100,Pedestrian,Female,40_to_64
20214071,SA,11,2021,Saturday,00:37,Single,60,Motorcycle rider,Male,17_to_25
20215028,WA,11,2021,Sunday,05:15,Single,60,Motorcycle rider,Male,17_to_25
20215005,WA,11,2021,Saturday,04:00,Single,80,Passenger,Male,17_to_25
20215005,WA,11,2021,Saturday,04:00,Single,80,Driver,Male,17_to_25
20212166,Vic,11,2021,Saturday,22:22,Single,80,Driver,Male,17_to_25
20212044,Vic,11,2021,Saturday,20:17,Single,100,Driver,Male,17_to_25
20215017,WA,11,2021,Sunday,19:39,Multiple,80,Motorcycle rider,Male,17_to_25
20214054,SA,11,2021,Sunday,02:34,Single,80,Driver,Male,26_to_39
20212166,Vic,11,2021,Saturday,22:22,Single,80,Passenger,Male,26_to_39
20213013,Qld,11,2021,Sunday,19:00,Multiple,60,Motorcycle rider,Male,26_to_39
20213011,Qld,11,2021,Saturday,18:00,Single,100,Driver,Male,26_to_39
20212201,Vic,11,2021,Monday,05:50,Multiple,100,Driver,Male,26_to_39
20211032,NSW,11,2021,Friday,20:30,Single,100,Driver,Male,40_to_64
20213215,Qld,11,2021,Thursday,22:00,Single,80,Passenger,Male,0_to_16
20213215,Qld,11,2021,Thursday,22:00,Single,80,Passenger,Male,17_to_25
20211246,NSW,11,2021,Thursday,21:30,Multiple,50,Driver,Male,17_to_25
20211053,NSW,11,2021,Friday,01:14,Single,50,Driver,Female,26_to_39
20212067,Vic,11,2021,Friday,21:05,Multiple,60,Motorcycle rider,Male,26_to_39
20213218,Qld,11,2021,Wednesday,00:00,Single,60,Motorcycle rider,Male,26_to_39
20215041,WA,11,2021,Wednesday,23:36,Single,100,Driver,Male,26_to_39
20211068,NSW,11,2021,Thursday,20:30,Single,100,Driver,Male,40_to_64
20213082,Qld,11,2021,Monday,20:00,Single,60,Motorcycle rider,Male,40_to_64
20212104,Vic,11,2021,Wednesday,03:15,Single,100,Driver,Male,40_to_64
20212171,Vic,11,2021,Tuesday,18:00,Multiple,100,Driver,Male,40_to_64
20213078,Qld,11,2021,Monday,18:00,Multiple,80,Driver,Female,40_to_64
20213185,Qld,11,2021,Wednesday,05:00,Multiple,100,Driver,Male,65_to_74
20213152,Qld,11,2021,Thursday,20:00,Single,100,Driver,Male,75_or_older
20216007,Tas,11,2021,Wednesday,21:29,Single,110,Motorcycle rider,Male,26_to_39
20215041,WA,11,2021,Wednesday,23:36,Single,100,Passenger,Male,26_to_39
20212168,Vic,11,2021,Sunday,18:00,Single,100,Passenger,Male,40_to_64
20212168,Vic,11,2021,Sunday,18:00,Single,100,Driver,Female,40_to_64
20214032,SA,11,2021,Saturday,10:35,Multiple,50,Pedal cyclist,Male,40_to_64
20211243,NSW,11,2021,Saturday,11:16,Single,80,Driver,Male,40_to_64
20214057,SA,11,2021,Sunday,07:24,Single,80,Driver,Male,65_to_74
20212096,Vic,11,2021,Saturday,16:50,Multiple,100,Driver,Male,65_to_74
20216024,Tas,11,2021,Saturday,09:20,Multiple,100,Driver,Male,17_to_25
20215119,WA,11,2021,Wednesday,17:15,Single,50,Pedestrian,Male,0_to_16
20213149,Qld,11,2021,Tuesday,17:00,Single,60,Driver,Male,17_to_25
20213149,Qld,11,2021,Tuesday,17:00,Single,60,Passenger,Male,17_to_25
20211064,NSW,11,2021,Wednesday,06:15,Multiple,100,Driver,Male,17_to_25
20212122,Vic,11,2021,Friday,12:32,Single,100,Driver,Female,17_to_25
20212028,Vic,11,2021,Friday,19:00,Multiple,100,Driver,Male,65_to_74
20212101,Vic,11,2021,Tuesday,10:21,Multiple,60,Driver,Female,17_to_25
20211157,NSW,11,2021,Tuesday,15:20,Multiple,100,Driver,Male,17_to_25
20214064,SA,11,2021,Monday,14:10,Single,110,Driver,Female,17_to_25
20211110,NSW,11,2021,Monday,15:20,Multiple,70,Passenger,Male,17_to_25
20213127,Qld,11,2021,Monday,16:00,Single,100,Passenger,Male,17_to_25
20213035,Qld,11,2021,Wednesday,13:00,Single,100,Driver,Female,26_to_39
20211213,NSW,11,2021,Tuesday,07:25,Multiple,80,Driver,Female,26_to_39
20212132,Vic,11,2021,Thursday,08:31,Multiple,100,Motorcycle rider,Male,26_to_39
20215157,WA,11,2021,Wednesday,11:00,Single,60,Driver,Male,26_to_39
20214012,SA,11,2021,Tuesday,16:20,Single,100,Passenger,Male,26_to_39
20215102,WA,11,2021,Wednesday,09:23,Single,110,Driver,Male,26_to_39
20211008,NSW,11,2021,Friday,13:30,Multiple,50,Motorcycle rider,Male,26_to_39
20212187,Vic,11,2021,Friday,06:40,Single,110,Driver,Male,26_to_39
20213227,Qld,11,2021,Friday,08:00,Multiple,100,Driver,Male,40_to_64
20212208,Vic,11,2021,Wednesday,06:35,Multiple,80,Driver,Female,40_to_64
20213032,Qld,11,2021,Tuesday,15:00,Multiple,100,Driver,Male,40_to_64
20215153,WA,11,2021,Wednesday,17:40,Single,60,Driver,Male,40_to_64
20211045,NSW,11,2021,Monday,08:20,Multiple,100,Driver,Female,40_to_64
20214012,SA,11,2021,Tuesday,16:20,Single,100,Driver,Male,40_to_64
20212086,Vic,11,2021,Thursday,14:53,Single,60,Passenger,Female,40_to_64
20211228,NSW,11,2021,Thursday,13:45,Single,100,Motorcycle rider,Male,40_to_64
20211009,NSW,11,2021,Thursday,13:31,Single,110,Driver,Female,40_to_64
20211086,NSW,11,2021,Thursday,09:45,Multiple,110,Driver,Male,40_to_64
20214013,SA,11,2021,Tuesday,10:08,Single,80,Driver,Male,40_to_64
20214001,SA,11,2021,Thursday,15:45,Single,110,Driver,Female,65_to_74
20211115,NSW,11,2021,Friday,13:40,Multiple,100,Driver,Male,65_to_74
20212087,Vic,11,2021,Thursday,13:10,Multiple,80,Driver,Female,65_to_74
20215071,WA,11,2021,Monday,12:04,Multiple,110,Passenger,Male,65_to_74
20213215,Qld,11,2021,Thursday,22:00,Single,80,Passenger,Female,40_to_64
20213021,Qld,11,2021,Friday,13:00,Single,100,Driver,Male,75_or_older
20212061,Vic,11,2021,Wednesday,17:15,Multiple,70,Driver,Female,40_to_64
20211156,NSW,11,2021,Tuesday,19:20,Single,100,Driver,Male,40_to_64
20211233,NSW,11,2021,Monday,10:25,Multiple,80,Driver,Male,75_or_older
20212059,Vic,11,2021,Thursday,14:30,Multiple,100,Passenger,Female,75_or_older
20212039,Vic,11,2021,Tuesday,10:10,Single,100,Driver,Male,75_or_older
20211215,NSW,11,2021,Monday,15:00,Single,50,Passenger,Female,75_or_older
20212085,Vic,11,2021,Monday,12:16,Multiple,40,Pedal cyclist,Male,65_to_74
20215133,WA,11,2021,Monday,11:54,Multiple,60,Driver,Male,75_or_older
20215087,WA,11,2021,Friday,09:40,Multiple,60,Other/-9,Male,75_or_older
20213139,Qld,11,2021,Friday,16:00,Single,100,Driver,Male,17_to_25
20211179,NSW,11,2021,Monday,04:55,Single,80,Pedestrian,Male,17_to_25
20211041,NSW,11,2021,Tuesday,22:30,Single,100,Driver,Male,65_to_74
20211024,NSW,11,2021,Sunday,12:20,Single,40,Pedestrian,Female,65_to_74
20211125,NSW,11,2021,Monday,14:15,Single,60,Pedestrian,Female,17_to_25
20217010,NT,11,2021,Monday,17:27,Single,70,Pedestrian,Female,40_to_64
20213179,Qld,11,2021,Monday,09:00,Single,50,Pedestrian,Male,40_to_64
20213235,Qld,11,2021,Tuesday,20:00,Single,50,Pedestrian,Male,26_to_39
20213177,Qld,11,2021,Monday,18:00,Multiple,60,Passenger,Female,75_or_older
20215136,WA,11,2021,Tuesday,18:55,Single,110,Driver,Male,75_or_older
20213045,Qld,11,2021,Tuesday,19:00,Single,100,Driver,Female,26_to_39
20212130,Vic,11,2021,Tuesday,02:55,Single,60,Pedestrian,Male,40_to_64
20212112,Vic,11,2021,Tuesday,07:15,Multiple,40,Pedestrian,Male,40_to_64
20213003,Qld,10,2021,Friday,23:00,Single,110,Motorcycle rider,Male,17_to_25
20213128,Qld,10,2021,Friday,22:00,Single,100,Driver,Female,17_to_25
20211247,NSW,10,2021,Monday,01:00,Single,100,Motorcycle pillion passenger,Female,17_to_25
20211056,NSW,10,2021,Sunday,02:20,Single,100,Passenger,Male,17_to_25
20212016,Vic,10,2021,Sunday,03:08,Single,60,Driver,Male,17_to_25
20211070,NSW,10,2021,Saturday,18:00,Single,80,Driver,Male,17_to_25
20211128,NSW,10,2021,Friday,23:30,Single,60,Motorcycle rider,Male,17_to_25
20211222,NSW,10,2021,Sunday,02:10,Multiple,110,Driver,Male,17_to_25
20215154,WA,10,2021,Saturday,19:59,Single,110,Driver,Male,17_to_25
20213010,Qld,10,2021,Saturday,21:00,Single,60,Passenger,Male,17_to_25
20216012,Tas,10,2021,Sunday,01:00,Single,80,Passenger,Male,17_to_25
20211165,NSW,10,2021,Saturday,01:25,Single,100,Driver,Male,26_to_39
20215043,WA,10,2021,Sunday,23:33,Single,60,Driver,Female,26_to_39
20211056,NSW,10,2021,Sunday,02:20,Single,100,Driver,Male,26_to_39
20213051,Qld,10,2021,Friday,21:00,Multiple,60,Motorcycle pillion passenger,Male,26_to_39
20213182,Qld,10,2021,Monday,00:00,Single,100,Driver,Male,40_to_64
20215039,WA,10,2021,Sunday,03:14,Single,110,Motorcycle rider,Male,40_to_64
20213051,Qld,10,2021,Friday,21:00,Multiple,60,Motorcycle rider,Male,26_to_39
20212092,Vic,10,2021,Friday,03:40,Single,80,Driver,Male,17_to_25
20213141,Qld,10,2021,Thursday,01:00,Single,80,Driver,Male,17_to_25
20213070,Qld,10,2021,Tuesday,04:00,Single,5,Driver,Male,17_to_25
20211133,NSW,10,2021,Tuesday,22:16,Multiple,50,Motorcycle rider,Male,26_to_39
20212042,Vic,10,2021,Thursday,05:40,Multiple,60,Pedal cyclist,Male,40_to_64
20214069,SA,10,2021,Wednesday,21:15,Single,80,Driver,Male,75_or_older
20214029,SA,10,2021,Monday,18:58,Single,60,Driver,Male,26_to_39
20213200,Qld,10,2021,Friday,00:00,Single,80,Driver,Male,26_to_39
20212005,Vic,10,2021,Saturday,09:30,Multiple,100,Passenger,Male,0_to_16
20211203,NSW,10,2021,Saturday,22:40,Multiple,60,Pedal cyclist,Male,40_to_64
20213187,Qld,10,2021,Sunday,16:00,Multiple,100,Passenger,Male,0_to_16
20211059,NSW,10,2021,Saturday,00:15,Single,70,Driver,Male,40_to_64
20212178,Vic,10,2021,Sunday,10:30,Single,100,Driver,Male,26_to_39
20214014,SA,10,2021,Sunday,18:00,Multiple,100,Passenger,Female,40_to_64
20217007,NT,10,2021,Saturday,10:00,Multiple,80,Passenger,Female,26_to_39
20212125,Vic,10,2021,Saturday,17:16,Single,60,Motorcycle rider,Male,26_to_39
20213155,Qld,10,2021,Saturday,09:00,Single,70,Motorcycle rider,Male,26_to_39
20213184,Qld,10,2021,Sunday,17:00,Multiple,100,Driver,Male,40_to_64
20213187,Qld,10,2021,Sunday,16:00,Multiple,100,Driver,Female,40_to_64
20213036,Qld,10,2021,Sunday,11:00,Multiple,60,Motorcycle rider,Male,40_to_64
20214043,SA,10,2021,Saturday,11:44,Single,60,Motorcycle rider,Male,40_to_64
20213213,Qld,10,2021,Saturday,13:00,Multiple,80,Motorcycle rider,Male,40_to_64
20214038,SA,10,2021,Saturday,14:00,Single,100,Motorcycle rider,Male,40_to_64
20213096,Qld,10,2021,Sunday,09:00,Single,50,Driver,Male,40_to_64
20213091,Qld,10,2021,Saturday,16:00,Single,50,Passenger,Female,40_to_64
20215105,WA,10,2021,Saturday,07:58,Single,60,Motorcycle rider,Male,40_to_64
20211102,NSW,10,2021,Sunday,14:30,Single,60,Motorcycle rider,Male,40_to_64
20213067,Qld,10,2021,Saturday,10:00,Single,100,Motorcycle rider,Male,40_to_64
20212093,Vic,10,2021,Sunday,06:17,Single,60,Driver,Male,65_to_74
20214030,SA,10,2021,Saturday,16:37,Single,110,Driver,Male,65_to_74
20211248,NSW,10,2021,Saturday,12:50,Multiple,80,Motorcycle rider,Male,65_to_74
20211093,NSW,10,2021,Saturday,17:00,Single,40,Driver,Male,65_to_74
20213042,Qld,10,2021,Saturday,08:00,Multiple,30,Pedal cyclist,Male,75_or_older
20214082,SA,10,2021,Sunday,17:28,Multiple,60,Driver,Female,75_or_older
20213125,Qld,10,2021,Saturday,16:00,Single,60,Driver,Male,75_or_older
20213241,Qld,10,2021,Saturday,17:00,Multiple,70,Passenger,-9,-9
20211114,NSW,10,2021,Saturday,12:10,Single,100,Passenger,Male,0_to_16
20215067,WA,10,2021,Tuesday,17:05,Single,110,Passenger,Male,0_to_16
20215141,WA,10,2021,Tuesday,07:42,Single,110,Driver,Male,17_to_25
20212011,Vic,10,2021,Thursday,15:53,Multiple,60,Motorcycle pillion passenger,Female,17_to_25
20211140,NSW,10,2021,Monday,08:30,Single,100,Driver,Female,17_to_25
20211001,NSW,10,2021,Friday,11:32,Multiple,50,Driver,Male,17_to_25
20212116,Vic,10,2021,Thursday,14:16,Single,100,Driver,Female,17_to_25
20212180,Vic,10,2021,Friday,17:55,Single,100,Driver,Male,26_to_39
20212103,Vic,10,2021,Thursday,10:00,Single,-9,Motorcycle rider,Male,26_to_39
20211187,NSW,10,2021,Monday,11:20,Multiple,100,Driver,Female,40_to_64
20211073,NSW,10,2021,Thursday,09:05,Single,100,Driver,Male,40_to_64
20211142,NSW,10,2021,Thursday,13:55,Single,80,Motorcycle rider,Male,40_to_64
20215057,WA,10,2021,Friday,16:40,Multiple,60,Pedestrian,Male,40_to_64
20213162,Qld,10,2021,Thursday,12:00,Multiple,80,Passenger,Female,40_to_64
20213162,Qld,10,2021,Thursday,12:00,Multiple,80,Driver,Male,40_to_64
20211236,NSW,10,2021,Tuesday,08:23,Single,80,Driver,Male,40_to_64
20215115,WA,10,2021,Friday,17:24,Multiple,50,Pedestrian,Male,40_to_64
20211015,NSW,10,2021,Thursday,15:00,Multiple,110,Driver,Male,40_to_64
20214018,SA,10,2021,Friday,08:45,Multiple,100,Pedal cyclist,Female,40_to_64
20213162,Qld,10,2021,Thursday,12:00,Multiple,80,Passenger,Female,40_to_64
20213240,Qld,10,2021,Wednesday,17:00,Single,80,Driver,Male,40_to_64
20213138,Qld,10,2021,Thursday,13:00,Multiple,100,Motorcycle rider,Male,65_to_74
20212049,Vic,10,2021,Thursday,11:20,Multiple,100,Driver,Male,65_to_74
20215049,WA,10,2021,Friday,15:15,Single,110,Motorcycle rider,Male,65_to_74
20212030,Vic,10,2021,Wednesday,15:32,Single,50,Driver,Male,75_or_older
20213012,Qld,10,2021,Monday,12:00,Multiple,60,Passenger,Male,75_or_older
20212078,Vic,10,2021,Friday,17:06,Multiple,100,Driver,Male,40_to_64
20212126,Vic,10,2021,Friday,16:46,Single,50,Driver,Male,75_or_older
20215040,WA,10,2021,Thursday,07:08,Single,110,Driver,Male,75_or_older
20213047,Qld,10,2021,Monday,08:00,Single,100,Driver,Male,75_or_older
20214016,SA,10,2021,Thursday,12:35,Multiple,100,Driver,Male,75_or_older
20213163,Qld,10,2021,Wednesday,14:00,Single,50,Driver,Male,75_or_older
20212073,Vic,10,2021,Friday,14:41,Multiple,60,Passenger,Female,75_or_older
20212073,Vic,10,2021,Friday,14:41,Multiple,60,Driver,Female,75_or_older
20214039,SA,10,2021,Wednesday,18:00,Single,100,Driver,Male,40_to_64
20213012,Qld,10,2021,Monday,12:00,Multiple,60,Passenger,Male,65_to_74
20211253,NSW,10,2021,Tuesday,11:45,Multiple,50,Driver,Male,75_or_older
20211238,NSW,10,2021,Sunday,02:10,Single,110,Pedestrian,Male,17_to_25
20213049,Qld,10,2021,Tuesday,04:00,Single,80,Pedestrian,Male,26_to_39
20213137,Qld,10,2021,Sunday,08:00,Single,60,Pedestrian,Male,65_to_74
20211216,NSW,10,2021,Tuesday,10:30,Single,50,Pedestrian,Female,40_to_64
20213230,Qld,10,2021,Wednesday,11:00,Single,100,Pedestrian,Female,40_to_64
20211151,NSW,10,2021,Friday,12:30,Single,50,Pedestrian,Female,65_to_74
20213052,Qld,10,2021,Friday,14:00,Single,60,Pedestrian,Male,75_or_older
20211030,NSW,10,2021,Monday,22:25,Single,50,Passenger,Female,75_or_older
20217003,NT,10,2021,Tuesday,19:14,Multiple,110,Motorcycle rider,Male,17_to_25
20217013,NT,10,2021,Tuesday,23:10,Single,60,Pedestrian,Male,40_to_64
20213174,Qld,10,2021,Tuesday,18:00,Single,70,Motorcycle rider,Male,26_to_39
20213166,Qld,10,2021,Thursday,18:00,Multiple,60,Motorcycle rider,Male,26_to_39
20212043,Vic,10,2021,Wednesday,21:40,Single,100,Pedestrian,Male,65_to_74
20212108,Vic,9,2021,Saturday,23:55,Single,100,Passenger,Female,17_to_25
20212150,Vic,9,2021,Saturday,22:25,Single,100,Driver,Male,17_to_25
20213092,Qld,9,2021,Saturday,04:00,Multiple,100,Motorcycle rider,Male,17_to_25
20212165,Vic,9,2021,Sunday,00:30,Single,100,Motorcycle rider,Male,26_to_39
20213130,Qld,9,2021,Sunday,21:00,Multiple,50,Motorcycle rider,Male,40_to_64
20212156,Vic,9,2021,Saturday,23:00,Single,100,Other/-9,Male,17_to_25
20212048,Vic,9,2021,Thursday,19:25,Multiple,60,Passenger,Male,0_to_16
20215046,WA,9,2021,Thursday,22:01,Single,70,Passenger,Male,0_to_16
20212048,Vic,9,2021,Thursday,19:25,Multiple,60,Passenger,Male,17_to_25
20215091,WA,9,2021,Thursday,05:55,Single,110,Driver,Male,17_to_25
20215128,WA,9,2021,Saturday,19:10,Single,100,Driver,Female,17_to_25
20211193,NSW,9,2021,Tuesday,21:50,Single,60,Driver,Female,26_to_39
20213132,Qld,9,2021,Thursday,19:00,Single,80,Driver,Female,26_to_39
20213225,Qld,9,2021,Wednesday,23:00,Multiple,100,Passenger,Male,26_to_39
20213225,Qld,9,2021,Wednesday,23:00,Multiple,100,Driver,Male,26_to_39
20213225,Qld,9,2021,Wednesday,23:00,Multiple,100,Passenger,Female,0_to_16
20211193,NSW,9,2021,Tuesday,21:50,Single,60,Passenger,Male,0_to_16
20211193,NSW,9,2021,Tuesday,21:50,Single,60,Passenger,Female,0_to_16
20211101,NSW,9,2021,Saturday,08:30,Single,100,Passenger,Female,0_to_16
20212182,Vic,9,2021,Saturday,05:15,Single,50,Driver,Male,40_to_64
20213236,Qld,9,2021,Saturday,11:00,Single,40,Motorcycle rider,Male,17_to_25
20212056,Vic,9,2021,Saturday,09:45,Single,60,Driver,Male,17_to_25
20211103,NSW,9,2021,Saturday,06:00,Single,100,Driver,Male,17_to_25
20215047,WA,9,2021,Sunday,16:09,Multiple,70,Motorcycle pillion passenger,Female,26_to_39
20214059,SA,9,2021,Saturday,13:00,Single,80,Motorcycle rider,Male,26_to_39
20211137,NSW,9,2021,Saturday,08:05,Single,110,Motorcycle rider,Male,26_to_39
20211214,NSW,9,2021,Saturday,14:50,Single,50,Motorcycle rider,Male,26_to_39
20213016,Qld,9,2021,Sunday,13:00,Single,100,Driver,Male,40_to_64
20213101,Qld,9,2021,Saturday,02:00,Single,60,Driver,Male,40_to_64
20212186,Vic,9,2021,Sunday,10:32,Single,60,Motorcycle rider,Male,40_to_64
20211172,NSW,9,2021,Sunday,10:52,Single,100,Driver,Male,40_to_64
20212141,Vic,9,2021,Saturday,11:15,Single,50,Motorcycle rider,Male,40_to_64
20212013,Vic,9,2021,Sunday,14:20,Multiple,60,Pedal cyclist,Male,40_to_64
20215051,WA,9,2021,Friday,22:44,Single,80,Motorcycle rider,Male,40_to_64
20217027,NT,9,2021,Sunday,08:25,Multiple,80,Motorcycle rider,Male,65_to_74
20211099,NSW,9,2021,Sunday,16:00,Multiple,50,Driver,Female,75_or_older
20215030,WA,9,2021,Saturday,10:19,Single,110,Passenger,Female,17_to_25
20213046,Qld,9,2021,Sunday,11:00,Multiple,100,Driver,Male,17_to_25
20211212,NSW,9,2021,Tuesday,13:15,Multiple,90,Driver,Female,17_to_25
20211210,NSW,9,2021,Wednesday,06:13,Single,70,Motorcycle rider,Male,26_to_39
20213100,Qld,9,2021,Wednesday,15:00,Single,60,Motorcycle rider,Male,26_to_39
20211104,NSW,9,2021,Thursday,11:50,Single,50,Motorcycle rider,Male,26_to_39
20215038,WA,9,2021,Wednesday,11:22,Multiple,-9,Passenger,Female,17_to_25
20218010,ACT,9,2021,Wednesday,11:20,Multiple,80,Driver,M ,40_to_64
20212088,Vic,9,2021,Tuesday,12:30,Multiple,100,Passenger,Female,40_to_64
20215089,WA,9,2021,Thursday,13:16,Single,70,Driver,Male,40_to_64
20215150,WA,9,2021,Thursday,07:27,Single,80,Driver,Male,40_to_64
20211058,NSW,9,2021,Tuesday,08:00,Single,100,Driver,Male,40_to_64
20212177,Vic,9,2021,Tuesday,14:45,Multiple,60,Pedal cyclist,Male,40_to_64
20215066,WA,9,2021,Thursday,06:23,Multiple,110,Driver,Male,40_to_64
20215137,WA,9,2021,Friday,11:16,Single,90,Passenger,Female,40_to_64
20211131,NSW,9,2021,Thursday,17:00,Single,100,Driver,Male,40_to_64
20215074,WA,9,2021,Tuesday,08:32,Multiple,60,Pedal cyclist,Female,40_to_64
20212048,Vic,9,2021,Thursday,19:25,Multiple,60,Driver,Male,0_to_16
20212048,Vic,9,2021,Thursday,19:25,Multiple,60,Passenger,Male,0_to_16
20214060,SA,9,2021,Wednesday,11:33,Single,100,Motorcycle rider,Male,65_to_74
20215085,WA,9,2021,Wednesday,15:33,Multiple,110,Passenger,Female,65_to_74
20215077,WA,9,2021,Wednesday,14:46,Single,110,Passenger,Male,65_to_74
20211085,NSW,9,2021,Friday,14:30,Multiple,70,Pedal cyclist,Male,65_to_74
20213136,Qld,9,2021,Thursday,13:00,Multiple,100,Driver,Male,65_to_74
20212002,Vic,9,2021,Thursday,16:40,Single,50,Driver,Male,65_to_74
20213093,Qld,9,2021,Wednesday,07:00,Multiple,100,Driver,Male,40_to_64
20212006,Vic,9,2021,Friday,15:10,Multiple,50,Pedal cyclist,Male,75_or_older
20216005,Tas,9,2021,Thursday,13:40,Single,50,Driver,Female,75_or_older
20215129,WA,9,2021,Thursday,14:30,Single,70,Motorcycle rider,Male,75_or_older
20214068,SA,9,2021,Friday,13:45,Multiple,100,Driver,Male,75_or_older
20216023,Tas,9,2021,Monday,07:15,Multiple,50,Driver,Female,75_or_older
20215022,WA,9,2021,Thursday,09:48,Multiple,60,Pedestrian,Female,75_or_older
20212181,Vic,9,2021,Friday,13:23,Multiple,100,Driver,Female,75_or_older
20212181,Vic,9,2021,Friday,13:23,Multiple,100,Passenger,Male,75_or_older
20214085,SA,9,2021,Wednesday,09:30,Single,80,Driver,Female,75_or_older
20214025,SA,9,2021,Wednesday,08:06,Multiple,60,Pedal cyclist,Female,65_to_74
20212088,Vic,9,2021,Tuesday,12:30,Multiple,100,Driver,Female,65_to_74
20213030,Qld,9,2021,Thursday,09:00,Single,100,Driver,Male,26_to_39
20213191,Qld,9,2021,Friday,23:00,Single,50,Pedestrian,Male,17_to_25
20216021,Tas,9,2021,Tuesday,12:58,Single,50,Pedestrian,Female,0_to_16
20211116,NSW,9,2021,Wednesday,20:00,Single,80,Pedestrian,Male,26_to_39
20215012,WA,9,2021,Thursday,19:00,Multiple,60,Pedestrian,Male,75_or_older
20214072,SA,9,2021,Friday,14:45,Single,60,Pedestrian,Male,75_or_older
20215046,WA,9,2021,Thursday,22:01,Single,70,Passenger,Male,17_to_25
20214051,SA,9,2021,Thursday,21:00,Single,80,Driver,Male,17_to_25
20213225,Qld,9,2021,Wednesday,23:00,Multiple,100,Driver,Female,26_to_39
20212047,Vic,9,2021,Thursday,05:45,Single,80,Motorcycle rider,Male,40_to_64
20214022,SA,9,2021,Saturday,23:31,Multiple,110,Pedestrian,Female,26_to_39
20215142,WA,8,2021,Saturday,04:45,Single,110,Driver,Male,17_to_25
20213041,Qld,8,2021,Sunday,05:00,Multiple,100,Passenger,Male,17_to_25
20211028,NSW,8,2021,Saturday,00:05,Single,100,Driver,Male,17_to_25
20215031,WA,8,2021,Sunday,05:00,Multiple,100,Pedestrian,Male,17_to_25
20213170,Qld,8,2021,Saturday,23:00,Single,100,Driver,Male,26_to_39
20211065,NSW,8,2021,Saturday,18:00,Multiple,100,Driver,Male,26_to_39
20214081,SA,8,2021,Sunday,05:50,Multiple,110,Driver,Male,17_to_25
20211082,NSW,8,2021,Friday,18:01,Multiple,100,Driver,Male,26_to_39
20212046,Vic,8,2021,Sunday,01:00,Single,60,Driver,Male,26_to_39
20211136,NSW,8,2021,Friday,20:50,Multiple,50,Driver,Male,40_to_64
20215078,WA,8,2021,Monday,04:00,Single,100,Driver,Male,26_to_39
20215058,WA,8,2021,Friday,18:27,Multiple,40,Pedestrian,Male,65_to_74
20211029,NSW,8,2021,Friday,03:30,Multiple,110,Driver,Female,40_to_64
20211029,NSW,8,2021,Friday,03:30,Multiple,110,Driver,Male,40_to_64
20213001,Qld,8,2021,Thursday,18:00,Multiple,100,Motorcycle rider,Male,40_to_64
20215104,WA,8,2021,Wednesday,22:20,Multiple,50,Passenger,Female,75_or_older
20216002,Tas,8,2021,Sunday,01:30,Multiple,100,Driver,Male,40_to_64
20215130,WA,8,2021,Saturday,19:18,Single,110,Driver,Male,40_to_64
20213086,Qld,8,2021,Thursday,19:00,Single,100,Driver,Male,40_to_64
20215025,WA,8,2021,Sunday,10:57,Single,110,Driver,Male,17_to_25
20215025,WA,8,2021,Sunday,10:57,Single,110,Passenger,Female,17_to_25
20211081,NSW,8,2021,Saturday,15:25,Single,70,Motorcycle rider,Male,17_to_25
20216010,Tas,8,2021,Saturday,19:14,Multiple,50,Motorcycle rider,Male,40_to_64
20212018,Vic,8,2021,Sunday,11:37,Single,80,Motorcycle rider,Male,26_to_39
20212046,Vic,8,2021,Sunday,01:00,Single,60,Passenger,Female,40_to_64
20213029,Qld,8,2021,Saturday,11:00,Single,70,Driver,Male,26_to_39
20213004,Qld,8,2021,Sunday,14:00,Single,100,Motorcycle rider,Female,40_to_64
20213081,Qld,8,2021,Sunday,14:00,Single,80,Driver,Female,40_to_64
20213239,Qld,8,2021,Saturday,12:00,Multiple,100,Driver,Male,65_to_74
20212147,Vic,8,2021,Sunday,12:00,Multiple,50,Driver,Male,75_or_older
20212153,Vic,8,2021,Monday,11:46,Multiple,100,Driver,Male,17_to_25
20211049,NSW,8,2021,Tuesday,09:10,Single,100,Driver,Male,17_to_25
20217005,NT,8,2021,Friday,15:30,Single,110,Passenger,Female,26_to_39
20213103,Qld,8,2021,Monday,12:00,Single,100,Driver,Male,26_to_39
20215072,WA,8,2021,Wednesday,15:48,Multiple,80,Driver,Female,26_to_39
20212060,Vic,8,2021,Friday,09:56,Multiple,60,Driver,Female,26_to_39
20212133,Vic,8,2021,Thursday,15:52,Single,100,Passenger,Male,0_to_16
20211143,NSW,8,2021,Tuesday,06:00,Multiple,110,Driver,Male,40_to_64
20216027,Tas,8,2021,Friday,15:20,Multiple,100,Passenger,Male,40_to_64
20213207,Qld,8,2021,Monday,10:00,Single,100,Driver,Male,40_to_64
20213103,Qld,8,2021,Monday,12:00,Single,100,Passenger,Male,40_to_64
20212131,Vic,8,2021,Friday,10:15,Single,100,Driver,Female,40_to_64
20212133,Vic,8,2021,Thursday,15:52,Single,100,Passenger,Female,17_to_25
20213151,Qld,8,2021,Friday,14:00,Single,50,Motorcycle rider,Male,40_to_64
20211120,NSW,8,2021,Wednesday,13:35,Single,70,Driver,Male,40_to_64
20213167,Qld,8,2021,Wednesday,06:00,Multiple,100,Motorcycle rider,Male,17_to_25
20212065,Vic,8,2021,Tuesday,17:37,Single,100,Driver,Male,17_to_25
20213156,Qld,8,2021,Monday,16:00,Multiple,70,Pedal cyclist,Male,65_to_74
20218007,ACT,8,2021,Tuesday,11:00,Multiple,-9,Pedal cyclist,Male,65_to_74
20214079,SA,8,2021,Tuesday,16:11,Single,100,Driver,Male,65_to_74
20215006,WA,8,2021,Friday,14:30,Multiple,110,Driver,Female,65_to_74
20211252,NSW,8,2021,Monday,14:33,Single,60,Passenger,Male,65_to_74
20213157,Qld,8,2021,Monday,10:00,Multiple,70,Passenger,Female,75_or_older
20213007,Qld,8,2021,Thursday,12:00,Single,100,Passenger,Male,75_or_older
20212012,Vic,8,2021,Tuesday,05:12,Multiple,80,Driver,Male,40_to_64
20216027,Tas,8,2021,Friday,15:20,Multiple,100,Passenger,Female,75_or_older
20213134,Qld,8,2021,Monday,16:00,Single,100,Passenger,Female,75_or_older
20211106,NSW,8,2021,Wednesday,13:40,Single,80,Driver,Female,75_or_older
20214077,SA,8,2021,Thursday,14:05,Single,110,Driver,Male,75_or_older
20211094,NSW,8,2021,Wednesday,05:55,Multiple,110,Driver,Male,40_to_64
20214077,SA,8,2021,Thursday,14:05,Single,110,Passenger,Female,75_or_older
20213192,Qld,8,2021,Monday,08:00,Multiple,100,Driver,Male,75_or_older
20211044,NSW,8,2021,Thursday,11:00,Multiple,70,Driver,Male,75_or_older
20211191,NSW,8,2021,Friday,15:30,Single,80,Driver,Male,75_or_older
20211252,NSW,8,2021,Monday,14:33,Single,60,Driver,Male,75_or_older
20215097,WA,8,2021,Monday,10:44,Multiple,50,Motorcycle rider,Male,40_to_64
20213048,Qld,8,2021,Friday,06:00,Multiple,100,Passenger,Male,26_to_39
20217002,NT,8,2021,Thursday,18:20,Multiple,90,Motorcycle rider,Male,40_to_64
20212060,Vic,8,2021,Friday,09:56,Multiple,60,Passenger,Male,0_to_16
20212060,Vic,8,2021,Friday,09:56,Multiple,60,Passenger,Female,0_to_16
20213087,Qld,8,2021,Monday,20:00,Single,70,Driver,Male,65_to_74
20212026,Vic,8,2021,Sunday,17:00,Single,80,Pedestrian,Male,0_to_16
20212010,Vic,8,2021,Wednesday,11:00,Single,60,Pedestrian,Female,40_to_64
20217015,NT,8,2021,Saturday,19:05,Single,50,Pedestrian,Male,0_to_16
20212074,Vic,8,2021,Wednesday,16:05,Single,50,Pedestrian,Male,75_or_older
20212071,Vic,8,2021,Monday,11:28,Single,-9,Pedestrian,Female,75_or_older
20216016,Tas,8,2021,Tuesday,11:37,Single,50,Pedestrian,Female,75_or_older
20213083,Qld,8,2021,Tuesday,03:00,Single,60,Pedestrian,Male,75_or_older
20213079,Qld,8,2021,Monday,20:00,Multiple,110,Pedestrian,Male,17_to_25
20213178,Qld,7,2021,Friday,22:00,Multiple,70,Passenger,Male,17_to_25
20214031,SA,7,2021,Friday,22:00,Multiple,110,Driver,Male,17_to_25
20211167,NSW,7,2021,Sunday,01:23,Single,100,Driver,Male,17_to_25
20212054,Vic,7,2021,Sunday,01:10,Single,60,Passenger,Male,17_to_25
20212054,Vic,7,2021,Sunday,01:10,Single,60,Driver,Male,17_to_25
20213216,Qld,7,2021,Friday,23:00,Multiple,60,Passenger,Female,17_to_25
20213178,Qld,7,2021,Friday,22:00,Multiple,70,Driver,Male,17_to_25
20213150,Qld,7,2021,Saturday,20:00,Multiple,70,Motorcycle rider,Male,17_to_25
20212080,Vic,7,2021,Sunday,03:57,Single,100,Driver,Male,26_to_39
20217025,NT,7,2021,Sunday,04:00,Single,130,Passenger,Female,26_to_39
20213203,Qld,7,2021,Saturday,22:00,Single,70,Passenger,Female,26_to_39
20213088,Qld,7,2021,Saturday,02:00,Single,60,Passenger,Male,26_to_39
20212029,Vic,7,2021,Saturday,19:00,Single,100,Driver,Male,40_to_64
20213097,Qld,7,2021,Friday,18:00,Multiple,110,Driver,Male,40_to_64
20213097,Qld,7,2021,Friday,18:00,Multiple,110,Passenger,Male,40_to_64
20215015,WA,7,2021,Sunday,18:48,Single,110,Driver,Male,26_to_39
20215073,WA,7,2021,Saturday,18:40,Multiple,60,Other/-9,Male,40_to_64
20215126,WA,7,2021,Friday,21:55,Multiple,70,Driver,Male,40_to_64
20212172,Vic,7,2021,Friday,20:00,Single,100,Driver,Male,17_to_25
20211178,NSW,7,2021,Friday,18:10,Single,60,Passenger,Male,26_to_39
20213097,Qld,7,2021,Friday,18:00,Multiple,110,Driver,Male,40_to_64
20212014,Vic,7,2021,Wednesday,01:19,Single,70,Passenger,Male,17_to_25
20213201,Qld,7,2021,Saturday,02:00,Single,60,Driver,Female,26_to_39
20213105,Qld,7,2021,Tuesday,04:00,Single,60,Driver,Female,17_to_25
20217012,NT,7,2021,Thursday,03:00,Single,100,Driver,Male,26_to_39
20216032,Tas,7,2021,Thursday,20:48,Single,60,Passenger,Male,26_to_39
20216003,Tas,7,2021,Monday,22:32,Single,100,Driver,Male,17_to_25
20211090,NSW,7,2021,Tuesday,22:15,Single,50,Motorcycle rider,Male,40_to_64
20212027,Vic,7,2021,Tuesday,02:20,Multiple,80,Driver,Male,40_to_64
20216001,Tas,7,2021,Friday,04:30,Single,100,Driver,Male,40_to_64
20215081,WA,7,2021,Wednesday,20:30,Single,-9,Passenger,Female,40_to_64
20212098,Vic,7,2021,Monday,20:55,Multiple,60,Passenger,Female,65_to_74
20213242,Qld,7,2021,Tuesday,21:00,Single,80,Motorcycle rider,Male,26_to_39
20211025,NSW,7,2021,Saturday,17:10,Multiple,60,Motorcycle rider,Male,26_to_39
20211079,NSW,7,2021,Saturday,02:30,Single,60,Motorcycle rider,Male,40_to_64
20214010,SA,7,2021,Saturday,16:10,Single,100,Driver,Male,26_to_39
20215121,WA,7,2021,Saturday,07:09,Single,110,Driver,Male,26_to_39
20215007,WA,7,2021,Saturday,17:34,Multiple,90,Driver,Male,26_to_39
20216033,Tas,7,2021,Sunday,11:12,Multiple,110,Driver,Male,40_to_64
20216033,Tas,7,2021,Sunday,11:12,Multiple,110,Passenger,Female,40_to_64
20213017,Qld,7,2021,Sunday,10:00,Single,100,Driver,Female,40_to_64
20214009,SA,7,2021,Saturday,07:37,Single,60,Passenger,Female,40_to_64
20212127,Vic,7,2021,Monday,03:14,Multiple,100,Pedestrian,Female,40_to_64
20213068,Qld,7,2021,Sunday,10:00,Single,100,Motorcycle rider,Male,40_to_64
20212115,Vic,7,2021,Saturday,13:29,Single,110,Passenger,Male,65_to_74
20215068,WA,7,2021,Saturday,08:15,Multiple,100,Driver,Male,65_to_74
20213069,Qld,7,2021,Saturday,11:00,Single,100,Driver,Female,26_to_39
20213024,Qld,7,2021,Thursday,07:00,Multiple,110,Passenger,Female,0_to_16
20214090,SA,7,2021,Thursday,16:02,Single,100,Passenger,Male,0_to_16
20213060,Qld,7,2021,Friday,16:00,Multiple,100,Driver,Female,17_to_25
20216009,Tas,7,2021,Monday,14:08,Multiple,110,Driver,Female,17_to_25
20211080,NSW,7,2021,Monday,16:15,Multiple,50,Motorcycle rider,Male,17_to_25
20213123,Qld,7,2021,Monday,17:00,Single,50,Motorcycle rider,Male,17_to_25
20213038,Qld,7,2021,Wednesday,06:00,Multiple,70,Driver,Male,17_to_25
20213190,Qld,7,2021,Thursday,10:00,Multiple,100,Passenger,Female,26_to_39
20213008,Qld,7,2021,Wednesday,06:00,Multiple,100,Driver,Female,26_to_39
20211162,NSW,7,2021,Wednesday,15:47,Multiple,100,Driver,Male,26_to_39
20215140,WA,7,2021,Monday,09:17,Single,110,Motorcycle rider,Male,26_to_39
20213024,Qld,7,2021,Thursday,07:00,Multiple,110,Passenger,Male,0_to_16
20213159,Qld,7,2021,Friday,14:00,Multiple,100,Driver,Male,40_to_64
20213008,Qld,7,2021,Wednesday,06:00,Multiple,100,Driver,Male,40_to_64
20213064,Qld,7,2021,Monday,12:00,Multiple,90,Driver,Male,40_to_64
20213165,Qld,7,2021,Friday,15:00,Single,100,Passenger,Female,40_to_64
20216009,Tas,7,2021,Monday,14:08,Multiple,110,Passenger,Male,26_to_39
20213024,Qld,7,2021,Thursday,07:00,Multiple,110,Passenger,Female,26_to_39
20212076,Vic,7,2021,Friday,17:04,Single,100,Driver,Male,26_to_39
20212185,Vic,7,2021,Friday,16:50,Multiple,110,Driver,Male,40_to_64
20215135,WA,7,2021,Thursday,08:24,Single,80,Driver,Male,26_to_39
20211186,NSW,7,2021,Tuesday,06:50,Single,110,Driver,Male,40_to_64
20211126,NSW,7,2021,Thursday,10:40,Multiple,100,Driver,Female,40_to_64
20213006,Qld,7,2021,Monday,16:00,Single,60,Driver,Male,40_to_64
20215032,WA,7,2021,Saturday,01:59,Single,110,Driver,Male,17_to_25
20212161,Vic,7,2021,Friday,15:30,Multiple,40,Driver,Male,40_to_64
20213104,Qld,7,2021,Wednesday,15:00,Single,100,Motorcycle rider,Male,40_to_64
20217016,NT,7,2021,Thursday,15:30,Single,110,Driver,Male,40_to_64
20215054,WA,7,2021,Sunday,21:53,Single,-9,Passenger,Female,0_to_16
20211176,NSW,7,2021,Thursday,14:20,Single,100,Driver,Male,40_to_64
20214005,SA,7,2021,Monday,13:55,Single,110,Driver,Male,65_to_74
20214056,SA,7,2021,Wednesday,06:35,Single,80,Motorcycle rider,Male,65_to_74
20212052,Vic,7,2021,Thursday,01:40,Multiple,80,Motorcycle rider,Male,26_to_39
20215145,WA,7,2021,Friday,17:40,Multiple,60,Motorcycle rider,Male,26_to_39
20218002,ACT,7,2021,Thursday,13:00,Single,60,Driver,Male,75_or_older
20211130,NSW,7,2021,Friday,10:00,Multiple,60,Driver,Female,75_or_older
20211107,NSW,7,2021,Thursday,21:41,Multiple,50,Motorcycle rider,Male,26_to_39
20215075,WA,7,2021,Wednesday,10:41,Multiple,50,Pedestrian,Male,75_or_older
20215042,WA,7,2021,Monday,09:38,Multiple,60,Pedestrian,Female,75_or_older
20212099,Vic,7,2021,Tuesday,12:00,Multiple,100,Pedal cyclist,Female,75_or_older
20212114,Vic,7,2021,Tuesday,12:20,Single,50,Driver,Female,75_or_older
20215124,WA,7,2021,Wednesday,05:14,Single,50,Passenger,Male,40_to_64
20212062,Vic,7,2021,Thursday,09:35,Single,100,Driver,Male,40_to_64
20212191,Vic,7,2021,Friday,16:15,Single,60,Driver,Male,75_or_older
20212195,Vic,7,2021,Thursday,17:30,Multiple,70,Motorcycle rider,Male,40_to_64
20213243,Qld,7,2021,Friday,14:00,Multiple,60,Passenger,Female,75_or_older
20213190,Qld,7,2021,Thursday,10:00,Multiple,100,Passenger,Female,0_to_16
20214062,SA,7,2021,Wednesday,15:40,Single,110,Driver,Male,40_to_64
20214062,SA,7,2021,Wednesday,15:40,Single,110,Passenger,Female,40_to_64
20213066,Qld,7,2021,Saturday,23:00,Single,50,Pedestrian,Male,17_to_25
20217014,NT,7,2021,Saturday,05:00,Single,100,Pedestrian,Male,26_to_39
20211033,NSW,7,2021,Sunday,19:00,Single,70,Pedestrian,Male,40_to_64
20212017,Vic,7,2021,Saturday,10:04,Single,60,Pedestrian,Female,75_or_older
20211134,NSW,7,2021,Saturday,07:00,Single,60,Pedestrian,Male,40_to_64
20214008,SA,7,2021,Wednesday,11:20,Single,40,Pedestrian,Female,40_to_64
20211237,NSW,7,2021,Wednesday,11:34,Single,60,Pedestrian,Male,75_or_older
20211018,NSW,7,2021,Wednesday,15:18,Single,50,Pedestrian,Female,75_or_older
20211112,NSW,7,2021,Tuesday,00:50,Single,100,Pedestrian,Male,40_to_64
20211194,NSW,7,2021,Friday,20:14,Multiple,100,Pedestrian,Male,0_to_16
20217006,NT,7,2021,Wednesday,19:38,Multiple,80,Pedestrian,Female,40_to_64
20214091,SA,6,2021,Sunday,00:00,Single,110,Passenger,Male,17_to_25
20211259,NSW,6,2021,Friday,20:00,Single,100,Driver,Male,17_to_25
20213224,Qld,6,2021,Sunday,22:00,Single,50,Motorcycle rider,Male,17_to_25
20215060,WA,6,2021,Sunday,04:15,Single,110,Driver,Male,26_to_39
20211031,NSW,6,2021,Saturday,01:00,Single,60,Driver,Male,26_to_39
20211034,NSW,6,2021,Saturday,18:00,Multiple,70,Motorcycle rider,Male,26_to_39
20213197,Qld,6,2021,Thursday,02:00,Single,100,Driver,Male,17_to_25
20214015,SA,6,2021,Thursday,19:40,Multiple,60,Motorcycle rider,Male,17_to_25
20215050,WA,6,2021,Wednesday,23:22,Multiple,110,Driver,Male,26_to_39
20213107,Qld,6,2021,Tuesday,18:00,Multiple,100,Driver,Male,26_to_39
20211089,NSW,6,2021,Friday,05:25,Single,90,Driver,Male,26_to_39
20211256,NSW,6,2021,Thursday,23:05,Single,100,Driver,Male,26_to_39
20211141,NSW,6,2021,Wednesday,22:40,Single,80,Driver,Male,26_to_39
20215070,WA,6,2021,Tuesday,19:09,Single,110,Driver,Male,26_to_39
20212211,Vic,6,2021,Monday,05:40,Single,100,Driver,Male,26_to_39
20213147,Qld,6,2021,Wednesday,00:00,Multiple,100,Driver,Female,26_to_39
20212190,Vic,6,2021,Friday,05:58,Multiple,80,Passenger,Male,40_to_64
20213053,Qld,6,2021,Thursday,18:00,Multiple,80,Driver,Male,40_to_64
20217028,NT,6,2021,Thursday,22:45,Single,110,Driver,Male,40_to_64
20213221,Qld,6,2021,Wednesday,21:00,Multiple,100,Driver,Male,40_to_64
20213238,Qld,6,2021,Wednesday,18:00,Single,100,Passenger,Male,40_to_64
20211206,NSW,6,2021,Monday,19:15,Multiple,100,Motorcycle rider,Male,40_to_64
20215044,WA,6,2021,Wednesday,00:40,Single,50,Motorcycle rider,Male,40_to_64
20215107,WA,6,2021,Thursday,23:30,Single,60,Driver,Female,17_to_25
20217028,NT,6,2021,Thursday,22:45,Single,110,Other/-9,Male,40_to_64
20217028,NT,6,2021,Thursday,22:45,Single,110,Other/-9,Female,40_to_64
20211209,NSW,6,2021,Sunday,04:00,Single,100,Driver,Male,40_to_64
20211132,NSW,6,2021,Sunday,14:00,Single,100,Motorcycle rider,Male,17_to_25
20213198,Qld,6,2021,Sunday,17:00,Multiple,60,Motorcycle rider,Male,26_to_39
20217020,NT,6,2021,Sunday,08:20,Single,80,Driver,Female,26_to_39
20214028,SA,6,2021,Sunday,10:11,Single,110,Driver,Male,40_to_64
20212120,Vic,6,2021,Sunday,14:00,Single,80,Motorcycle rider,Male,40_to_64
20211075,NSW,6,2021,Saturday,12:23,Multiple,100,Driver,Female,17_to_25
20214044,SA,6,2021,Saturday,01:05,Multiple,110,Driver,Male,40_to_64
20211225,NSW,6,2021,Sunday,14:38,Multiple,80,Motorcycle rider,Male,40_to_64
20213119,Qld,6,2021,Sunday,14:00,Single,110,Driver,Female,40_to_64
20211062,NSW,6,2021,Sunday,13:30,Multiple,80,Pedal cyclist,Male,65_to_74
20212198,Vic,6,2021,Saturday,13:25,Single,80,Driver,Female,65_to_74
20213002,Qld,6,2021,Saturday,11:00,Multiple,60,Passenger,Male,75_or_older
20211007,NSW,6,2021,Saturday,19:10,Single,110,Driver,Male,65_to_74
20215056,WA,6,2021,Wednesday,09:29,Single,50,Driver,Female,0_to_16
20211119,NSW,6,2021,Wednesday,06:20,Multiple,60,Driver,Female,17_to_25
20212129,Vic,6,2021,Wednesday,14:38,Multiple,50,Driver,Male,17_to_25
20212193,Vic,6,2021,Wednesday,08:15,Single,100,Driver,Female,17_to_25
20213077,Qld,6,2021,Monday,06:00,Multiple,100,Driver,Male,17_to_25
20213112,Qld,6,2021,Monday,05:00,Multiple,80,Driver,Male,75_or_older
20215080,WA,6,2021,Tuesday,08:51,Single,110,Driver,Male,17_to_25
20217024,NT,6,2021,Friday,13:15,Single,130,Driver,Male,26_to_39
20214041,SA,6,2021,Friday,11:50,Single,100,Passenger,Male,26_to_39
20213206,Qld,6,2021,Thursday,07:00,Multiple,110,Motorcycle rider,Male,26_to_39
20213188,Qld,6,2021,Wednesday,17:00,Multiple,80,Motorcycle rider,Male,26_to_39
20215009,WA,6,2021,Tuesday,13:40,Single,110,Driver,Male,26_to_39
20211169,NSW,6,2021,Monday,12:39,Multiple,60,Motorcycle rider,Male,26_to_39
20213231,Qld,6,2021,Friday,08:00,Multiple,100,Passenger,Female,26_to_39
20213115,Qld,6,2021,Monday,17:00,Single,100,Driver,Female,26_to_39
20213015,Qld,6,2021,Wednesday,06:00,Single,50,Driver,Male,0_to_16
20212063,Vic,6,2021,Wednesday,07:06,Multiple,80,Motorcycle rider,Male,17_to_25
20213027,Qld,6,2021,Tuesday,16:00,Multiple,100,Driver,Female,40_to_64
20211255,NSW,6,2021,Thursday,06:55,Single,100,Driver,Female,17_to_25
20213217,Qld,6,2021,Wednesday,08:00,Single,100,Passenger,Female,40_to_64
20212164,Vic,6,2021,Thursday,16:50,Single,80,Driver,Female,40_to_64
20213022,Qld,6,2021,Monday,15:00,Multiple,60,Motorcycle rider,Male,40_to_64
20213212,Qld,6,2021,Tuesday,14:00,Multiple,100,Driver,Female,40_to_64
20215084,WA,6,2021,Wednesday,17:41,Single,110,Motorcycle rider,Male,40_to_64
20215023,WA,6,2021,Wednesday,11:01,Multiple,110,Driver,Male,40_to_64
20211158,NSW,6,2021,Thursday,15:08,Multiple,60,Pedal cyclist,Male,40_to_64
20212037,Vic,6,2021,Thursday,06:00,Single,80,Driver,Female,40_to_64
20216017,Tas,6,2021,Monday,13:30,Single,-9,Driver,Male,40_to_64
20214058,SA,6,2021,Thursday,06:00,Single,50,Passenger,Male,40_to_64
20211048,NSW,6,2021,Wednesday,13:28,Multiple,100,Driver,Female,65_to_74
20212155,Vic,6,2021,Wednesday,16:19,Multiple,100,Driver,Male,65_to_74
20216014,Tas,6,2021,Thursday,15:38,Single,100,Driver,Male,65_to_74
20212202,Vic,6,2021,Wednesday,15:37,Multiple,60,Pedal cyclist,Male,65_to_74
20212160,Vic,6,2021,Monday,10:45,Multiple,100,Driver,Male,65_to_74
20211048,NSW,6,2021,Wednesday,13:28,Multiple,100,Passenger,Female,75_or_older
20213176,Qld,6,2021,Tuesday,00:00,Single,60,Motorcycle rider,Male,26_to_39
20211014,NSW,6,2021,Tuesday,13:06,Single,110,Passenger,Female,75_or_older
20215023,WA,6,2021,Wednesday,11:01,Multiple,110,Driver,Male,75_or_older
20213133,Qld,6,2021,Wednesday,23:00,Multiple,80,Passenger,Male,40_to_64
20211095,NSW,6,2021,Wednesday,13:14,Single,50,Driver,Female,75_or_older
20215088,WA,6,2021,Friday,11:37,Multiple,20,Pedal cyclist,Male,75_or_older
20211083,NSW,6,2021,Tuesday,12:55,Single,110,Passenger,Female,65_to_74
20213026,Qld,6,2021,Friday,23:00,Single,100,Pedestrian,Male,40_to_64
20212082,Vic,6,2021,Sunday,11:52,Single,60,Pedestrian,Male,65_to_74
20211221,NSW,6,2021,Saturday,13:25,Single,40,Pedestrian,Female,75_or_older
20212105,Vic,6,2021,Saturday,19:49,Single,60,Pedestrian,Female,75_or_older
20211149,NSW,6,2021,Wednesday,17:45,Single,50,Pedestrian,Male,65_to_74
20212050,Vic,6,2021,Friday,17:45,Single,50,Pedestrian,Female,75_or_older
20211223,NSW,6,2021,Wednesday,09:35,Single,50,Pedestrian,Male,75_or_older
20211234,NSW,6,2021,Thursday,17:50,Single,60,Pedestrian,Male,75_or_older
20218004,ACT,6,2021,Friday,17:15,Single,50,Pedestrian,Male,75_or_older
20212081,Vic,6,2021,Tuesday,07:00,Single,60,Pedestrian,Female,75_or_older
20212146,Vic,6,2021,Wednesday,09:14,Single,70,Pedestrian,Female,75_or_older
20211060,NSW,6,2021,Friday,12:05,Single,70,Pedestrian,Male,75_or_older
20212117,Vic,6,2021,Tuesday,09:00,Single,60,Pedestrian,Male,0_to_16
20212070,Vic,6,2021,Monday,08:34,Single,50,Pedestrian,Female,40_to_64
20217018,NT,6,2021,Wednesday,18:30,Single,110,Driver,Male,0_to_16
20212107,Vic,6,2021,Tuesday,07:31,Single,60,Pedestrian,Male,75_or_older
20211088,NSW,6,2021,Monday,14:50,Single,60,Pedestrian,Male,65_to_74
20213232,Qld,6,2021,Friday,00:00,Single,100,Driver,Male,17_to_25
20214007,SA,6,2021,Wednesday,21:55,Single,50,Pedestrian,Male,65_to_74
20211098,NSW,6,2021,Friday,13:55,Multiple,50,Pedestrian,Male,75_or_older
20213147,Qld,6,2021,Wednesday,00:00,Multiple,100,Pedestrian,Male,17_to_25
20214087,SA,6,2021,Tuesday,23:20,Multiple,110,Pedestrian,Female,40_to_64
20211190,NSW,5,2021,Sunday,01:00,Single,50,Motorcycle rider,Male,0_to_16
20215037,WA,5,2021,Saturday,23:25,Single,110,Passenger,Male,0_to_16
20212140,Vic,5,2021,Saturday,02:30,Single,60,Driver,Female,17_to_25
20214061,SA,5,2021,Sunday,20:32,Multiple,100,Motorcycle rider,Male,17_to_25
20216028,Tas,5,2021,Saturday,00:27,Single,50,Driver,Male,17_to_25
20216015,Tas,5,2021,Saturday,21:40,Single,60,Motorcycle rider,Male,26_to_39
20215065,WA,5,2021,Friday,23:00,Single,110,Driver,Female,26_to_39
20211202,NSW,5,2021,Saturday,04:45,Single,110,Driver,Male,26_to_39
20215092,WA,5,2021,Saturday,23:39,Single,60,Driver,Male,40_to_64
20213106,Qld,5,2021,Friday,23:00,Single,100,Passenger,Female,40_to_64
20213158,Qld,5,2021,Friday,19:00,Multiple,110,Driver,Male,26_to_39
20213094,Qld,5,2021,Friday,22:00,Multiple,100,Driver,Male,65_to_74
20216020,Tas,5,2021,Thursday,18:02,Multiple,50,Motorcycle rider,Male,17_to_25
20217030,NT,5,2021,Sunday,02:13,Multiple,70,Passenger,Female,26_to_39
20211138,NSW,5,2021,Thursday,01:15,Single,100,Driver,Male,17_to_25
20217019,NT,5,2021,Friday,19:45,Multiple,130,Driver,Male,26_to_39
20211242,NSW,5,2021,Thursday,21:25,Multiple,50,Motorcycle rider,Male,17_to_25
20212113,Vic,5,2021,Wednesday,18:45,Multiple,100,Driver,Male,40_to_64
20211202,NSW,5,2021,Saturday,04:45,Single,110,Passenger,Female,40_to_64
20211071,NSW,5,2021,Friday,04:37,Multiple,110,Passenger,Male,26_to_39
20211245,NSW,5,2021,Saturday,20:55,Single,100,Driver,Male,17_to_25
20215101,WA,5,2021,Sunday,20:18,Single,110,Driver,Female,26_to_39
20213199,Qld,5,2021,Sunday,16:00,Single,50,Passenger,Male,17_to_25
20215106,WA,5,2021,Sunday,09:10,Single,110,Driver,Male,17_to_25
20213058,Qld,5,2021,Sunday,16:00,Single,100,Motorcycle rider,Male,26_to_39
20211069,NSW,5,2021,Saturday,15:02,Multiple,60,Motorcycle rider,Male,26_to_39
20215069,WA,5,2021,Sunday,09:37,Single,110,Passenger,Female,0_to_16
20212020,Vic,5,2021,Saturday,08:38,Single,100,Driver,Male,26_to_39
20211108,NSW,5,2021,Sunday,06:52,Single,100,Driver,Male,40_to_64
20212106,Vic,5,2021,Saturday,12:59,Single,80,Motorcycle rider,Male,40_to_64
20217011,NT,5,2021,Saturday,13:29,Multiple,80,Driver,Female,40_to_64
20215147,WA,5,2021,Sunday,06:05,Multiple,110,Driver,Male,17_to_25
20211174,NSW,5,2021,Saturday,08:10,Multiple,50,Passenger,Female,40_to_64
20211258,NSW,5,2021,Saturday,12:40,Multiple,80,Motorcycle rider,Male,40_to_64
20211230,NSW,5,2021,Saturday,12:25,Multiple,80,Motorcycle rider,Male,40_to_64
20214089,SA,5,2021,Saturday,14:59,Multiple,110,Pedal cyclist,Male,65_to_74
20215139,WA,5,2021,Saturday,10:35,Single,110,Motorcycle rider,Male,65_to_74
20211184,NSW,5,2021,Saturday,13:15,Multiple,70,Driver,Female,65_to_74
20213099,Qld,5,2021,Saturday,09:00,Multiple,100,Pedal cyclist,Male,75_or_older
20215132,WA,5,2021,Thursday,10:40,Single,60,Pedestrian,Female,75_or_older
20213109,Qld,5,2021,Thursday,16:00,Multiple,60,Pedal cyclist,Male,17_to_25
20213095,Qld,5,2021,Saturday,01:00,Multiple,60,Passenger,Female,75_or_older
20212175,Vic,5,2021,Wednesday,16:55,Multiple,100,Driver,Male,26_to_39
20213246,Qld,5,2021,Friday,15:00,Multiple,110,Passenger,Female,26_to_39
20211020,NSW,5,2021,Tuesday,16:43,Single,100,Driver,Male,26_to_39
20211027,NSW,5,2021,Friday,17:00,Single,100,Driver,Male,26_to_39
20214053,SA,5,2021,Tuesday,15:41,Multiple,80,Driver,Male,40_to_64
20213189,Qld,5,2021,Monday,15:00,Multiple,50,Motorcycle rider,Male,40_to_64
20213075,Qld,5,2021,Thursday,10:00,Single,100,Driver,Male,26_to_39
20214045,SA,5,2021,Monday,09:12,Single,110,Driver,Male,40_to_64
20215024,WA,5,2021,Thursday,15:31,Multiple,70,Motorcycle rider,Male,40_to_64
20212094,Vic,5,2021,Monday,06:40,Single,100,Driver,Male,40_to_64
20211240,NSW,5,2021,Monday,17:45,Single,100,Driver,Male,40_to_64
20215062,WA,5,2021,Thursday,10:14,Single,110,Driver,Male,40_to_64
20215048,WA,5,2021,Friday,10:37,Multiple,110,Motorcycle rider,Male,40_to_64
20212036,Vic,5,2021,Tuesday,06:15,Single,100,Motorcycle rider,Male,40_to_64
20211235,NSW,5,2021,Tuesday,10:18,Multiple,100,Driver,Female,40_to_64
20215108,WA,5,2021,Friday,06:20,Multiple,60,Motorcycle rider,Male,40_to_64
20212077,Vic,5,2021,Thursday,14:29,Single,100,Passenger,Female,40_to_64
20212173,Vic,5,2021,Thursday,11:50,Multiple,60,Driver,Female,65_to_74
20215010,WA,5,2021,Friday,06:09,Single,50,Pedestrian,Male,65_to_74
20212079,Vic,5,2021,Wednesday,16:10,Multiple,100,Motorcycle rider,Male,65_to_74
20213076,Qld,5,2021,Tuesday,10:00,Single,60,Motorcycle rider,Male,65_to_74
20213173,Qld,5,2021,Thursday,12:00,Multiple,80,Driver,Male,65_to_74
20212170,Vic,5,2021,Thursday,18:58,Multiple,40,Pedal cyclist,Male,17_to_25
20215020,WA,5,2021,Tuesday,22:20,Multiple,110,Driver,Male,17_to_25
20212194,Vic,5,2021,Thursday,01:52,Single,100,Driver,Male,26_to_39
20213195,Qld,5,2021,Monday,11:00,Multiple,60,Driver,Female,75_or_older
20215127,WA,5,2021,Tuesday,14:46,Multiple,80,Driver,Male,75_or_older
20213063,Qld,5,2021,Tuesday,17:00,Single,100,Driver,Male,65_to_74
20211195,NSW,5,2021,Wednesday,22:15,Single,100,Driver,Male,40_to_64
20212200,Vic,5,2021,Tuesday,21:08,Single,80,Driver,Female,40_to_64
20213181,Qld,5,2021,Friday,16:00,Single,100,Passenger,Male,0_to_16
20211004,NSW,5,2021,Saturday,20:30,Single,80,Pedestrian,Female,0_to_16
20214083,SA,5,2021,Sunday,18:25,Single,80,Pedestrian,Male,17_to_25
20211145,NSW,5,2021,Friday,00:30,Single,50,Pedestrian,Male,17_to_25
20217023,NT,5,2021,Saturday,01:05,Single,50,Pedestrian,Male,40_to_64
20211129,NSW,5,2021,Thursday,15:55,Single,50,Pedestrian,Female,75_or_older
20212021,Vic,5,2021,Thursday,20:45,Single,80,Driver,Male,17_to_25
20211220,NSW,4,2021,Saturday,04:25,Single,80,Passenger,Male,0_to_16
20213044,Qld,4,2021,Sunday,23:00,Single,70,Driver,Male,17_to_25
20212058,Vic,4,2021,Saturday,01:57,Single,60,Driver,Male,17_to_25
20215148,WA,4,2021,Saturday,20:50,Single,110,Passenger,Male,0_to_16
20215148,WA,4,2021,Saturday,20:50,Single,110,Passenger,Male,0_to_16
20213193,Qld,4,2021,Sunday,19:00,Single,100,Driver,Male,17_to_25
20213193,Qld,4,2021,Sunday,19:00,Single,100,Passenger,Male,17_to_25
20211148,NSW,4,2021,Sunday,01:45,Single,100,Driver,Male,17_to_25
20212176,Vic,4,2021,Sunday,05:30,Single,80,Driver,Male,26_to_39
20214074,SA,4,2021,Saturday,02:30,Single,80,Driver,Male,17_to_25
20216013,Tas,4,2021,Friday,19:20,Multiple,50,Pedal cyclist,Female,40_to_64
20213144,Qld,4,2021,Friday,21:00,Single,100,Passenger,Female,17_to_25
20218011,ACT,4,2021,Tuesday,22:28,Single,80,Driver,Male,17_to_25
20211118,NSW,4,2021,Thursday,21:10,Multiple,50,Driver,Male,17_to_25
20215079,WA,4,2021,Friday,18:30,Multiple,50,Pedestrian,Male,26_to_39
20213108,Qld,4,2021,Friday,05:00,Single,100,Driver,Female,26_to_39
20213248,Qld,4,2021,Wednesday,23:00,Single,100,Driver,Male,26_to_39
20213222,Qld,4,2021,Tuesday,18:00,Multiple,80,Motorcycle rider,Male,26_to_39
20211189,NSW,4,2021,Wednesday,05:20,Single,110,Driver,Female,26_to_39
20212210,Vic,4,2021,Thursday,05:20,Multiple,100,Driver,Male,17_to_25
20211171,NSW,4,2021,Sunday,19:05,Multiple,50,Motorcycle rider,Male,40_to_64
20212083,Vic,4,2021,Thursday,18:00,Multiple,100,Motorcycle rider,Male,40_to_64
20211220,NSW,4,2021,Saturday,04:25,Single,80,Passenger,Male,40_to_64
20211220,NSW,4,2021,Saturday,04:25,Single,80,Driver,Female,40_to_64
20211170,NSW,4,2021,Friday,20:20,Single,60,Passenger,Female,40_to_64
20212019,Vic,4,2021,Saturday,06:00,Single,100,Driver,Male,17_to_25
20212008,Vic,4,2021,Saturday,06:30,Single,100,Driver,Male,17_to_25
20211200,NSW,4,2021,Sunday,09:10,Single,60,Motorcycle rider,Male,26_to_39
20212095,Vic,4,2021,Saturday,14:20,Single,100,Driver,Male,26_to_39
20213233,Qld,4,2021,Saturday,15:00,Single,70,Motorcycle rider,Male,26_to_39
20213062,Qld,4,2021,Saturday,10:00,Multiple,60,Pedal cyclist,Male,26_to_39
20215035,WA,4,2021,Saturday,09:15,Single,70,Motorcycle rider,Male,17_to_25
20215144,WA,4,2021,Sunday,14:36,Multiple,110,Driver,Female,17_to_25
20211232,NSW,4,2021,Sunday,09:00,Multiple,60,Motorcycle rider,Male,40_to_64
20213228,Qld,4,2021,Sunday,07:00,Single,100,Motorcycle rider,Male,40_to_64
20215144,WA,4,2021,Sunday,14:36,Multiple,110,Driver,Female,40_to_64
20216011,Tas,4,2021,Sunday,10:08,Multiple,100,Motorcycle rider,Male,40_to_64
20211084,NSW,4,2021,Saturday,15:15,Single,100,Motorcycle rider,Male,40_to_64
20211039,NSW,4,2021,Saturday,06:58,Multiple,60,Pedal cyclist,Male,40_to_64
20211061,NSW,4,2021,Saturday,12:55,Multiple,50,Motorcycle rider,Male,40_to_64
20215027,WA,4,2021,Saturday,15:54,Multiple,80,Driver,Male,40_to_64
20213208,Qld,4,2021,Sunday,21:00,Single,70,Driver,Male,40_to_64
20214035,SA,4,2021,Saturday,11:05,Single,60,Passenger,Female,75_or_older
20215093,WA,4,2021,Tuesday,16:00,Single,-9,Pedestrian,Male,0_to_16
20211077,NSW,4,2021,Wednesday,06:20,Multiple,100,Driver,Male,17_to_25
20216022,Tas,4,2021,Thursday,17:28,Single,100,Driver,Male,17_to_25
20212128,Vic,4,2021,Saturday,18:12,Single,100,Driver,Male,75_or_older
20215118,WA,4,2021,Tuesday,09:37,Multiple,110,Pedal cyclist,Male,17_to_25
20212066,Vic,4,2021,Monday,14:20,Multiple,100,Driver,Male,17_to_25
20213054,Qld,4,2021,Wednesday,17:00,Multiple,60,Motorcycle rider,Male,26_to_39
20215112,WA,4,2021,Monday,15:45,Single,50,Motorcycle rider,Male,26_to_39
20213019,Qld,4,2021,Thursday,11:00,Multiple,100,Motorcycle rider,Male,26_to_39
20213040,Qld,4,2021,Monday,10:00,Multiple,100,Driver,Male,26_to_39
20212213,Vic,4,2021,Friday,17:49,Multiple,50,Motorcycle rider,Male,26_to_39
20217032,NT,4,2021,Friday,18:00,Single,130,Driver,Male,26_to_39
20215109,WA,4,2021,Monday,06:10,Multiple,80,Driver,Female,40_to_64
20211163,NSW,4,2021,Friday,13:00,Multiple,80,Motorcycle rider,Male,40_to_64
20214011,SA,4,2021,Monday,17:30,Single,80,Passenger,Male,26_to_39
20214086,SA,4,2021,Thursday,12:05,Multiple,100,Passenger,Female,40_to_64
20212142,Vic,4,2021,Tuesday,12:45,Multiple,70,Motorcycle rider,Male,26_to_39
20213202,Qld,4,2021,Tuesday,14:00,Single,80,Driver,Male,40_to_64
20215026,WA,4,2021,Thursday,16:23,Single,110,Driver,Male,40_to_64
20214037,SA,4,2021,Thursday,17:01,Multiple,110,Motorcycle rider,Male,40_to_64
20216030,Tas,4,2021,Thursday,12:15,Multiple,100,Motorcycle rider,Male,40_to_64
20216018,Tas,4,2021,Friday,12:04,Single,100,Driver,Male,65_to_74
20212001,Vic,4,2021,Thursday,13:00,Multiple,100,Motorcycle rider,Male,65_to_74
20211113,NSW,4,2021,Tuesday,09:30,Multiple,50,Driver,Male,75_or_older
20217029,NT,4,2021,Wednesday,23:00,Single,110,Driver,Female,40_to_64
20211183,NSW,4,2021,Tuesday,10:22,Multiple,60,Driver,Male,75_or_older
20212022,Vic,4,2021,Friday,13:32,Single,40,Driver,Male,75_or_older
20211021,NSW,4,2021,Thursday,16:00,Multiple,100,Driver,Male,75_or_older
20211021,NSW,4,2021,Thursday,16:00,Multiple,100,Driver,Male,75_or_older
20211021,NSW,4,2021,Thursday,16:00,Multiple,100,Passenger,Female,75_or_older
20211050,NSW,4,2021,Thursday,06:30,Single,110,Motorcycle rider,Male,65_to_74
20213129,Qld,4,2021,Monday,11:00,Multiple,100,Driver,Female,75_or_older
20211155,NSW,4,2021,Thursday,14:23,Single,110,Driver,Male,75_or_older
20214080,SA,4,2021,Friday,19:20,Single,60,Pedestrian,Female,17_to_25
20211017,NSW,4,2021,Sunday,20:28,Single,60,Pedestrian,Male,40_to_64
20213161,Qld,4,2021,Sunday,13:00,Single,50,Pedestrian,Female,75_or_older
20212009,Vic,4,2021,Friday,08:36,Single,60,Pedestrian,Female,40_to_64
20211005,NSW,4,2021,Thursday,21:05,Single,110,Pedestrian,Female,17_to_25
20214050,SA,4,2021,Thursday,10:43,Single,60,Pedestrian,Male,75_or_older
20214093,SA,4,2021,Tuesday,17:47,Single,60,Pedestrian,Male,0_to_16
20216026,Tas,4,2021,Thursday,19:36,Single,80,Driver,Male,26_to_39
20211055,NSW,4,2021,Thursday,20:30,Multiple,70,Pedestrian,Male,26_to_39
20212031,Vic,3,2021,Saturday,18:32,Single,70,Passenger,Female,0_to_16
20211100,NSW,3,2021,Sunday,18:40,Single,50,Driver,Male,17_to_25
20211241,NSW,3,2021,Sunday,02:55,Single,50,Motorcycle rider,Male,17_to_25
20218009,ACT,3,2021,Monday,01:08,Multiple,80,Driver,Male,17_to_25
20214040,SA,3,2021,Saturday,02:25,Single,80,Driver,Male,17_to_25
20214040,SA,3,2021,Saturday,02:25,Single,80,Passenger,Male,17_to_25
20214034,SA,3,2021,Sunday,21:50,Single,100,Driver,Male,17_to_25
20211097,NSW,3,2021,Friday,20:41,Single,110,Passenger,Male,17_to_25
20213014,Qld,3,2021,Saturday,19:00,Single,100,Driver,Male,26_to_39
20213037,Qld,3,2021,Saturday,01:00,Multiple,80,Motorcycle rider,Male,40_to_64
20211006,NSW,3,2021,Friday,19:15,Multiple,100,Driver,Female,40_to_64
20212154,Vic,3,2021,Sunday,01:49,Single,100,Driver,Male,26_to_39
20211003,NSW,3,2021,Monday,22:30,Single,100,Driver,Male,17_to_25
20215086,WA,3,2021,Monday,21:45,Single,-9,Driver,Male,17_to_25
20215016,WA,3,2021,Sunday,04:56,Multiple,110,Driver,Male,26_to_39
20212124,Vic,3,2021,Saturday,04:40,Single,100,Motorcycle rider,Male,26_to_39
20214046,SA,3,2021,Tuesday,22:46,Single,80,Driver,Female,40_to_64
20215008,WA,3,2021,Tuesday,19:40,Multiple,110,Driver,Male,40_to_64
20214033,SA,3,2021,Wednesday,02:00,Multiple,50,Motorcycle rider,Male,40_to_64
20213089,Qld,3,2021,Tuesday,20:00,Multiple,100,Driver,Female,40_to_64
20213080,Qld,3,2021,Monday,22:00,Multiple,100,Driver,Male,26_to_39
20211016,NSW,3,2021,Friday,04:20,Single,70,Driver,Male,40_to_64
20213033,Qld,3,2021,Saturday,19:00,Multiple,100,Motorcycle rider,Male,40_to_64
20213175,Qld,3,2021,Monday,02:00,Multiple,70,Driver,Male,40_to_64
20212053,Vic,3,2021,Sunday,12:02,Multiple,60,Driver,Male,26_to_39
20212152,Vic,3,2021,Sunday,12:00,Single,100,Driver,Female,26_to_39
20213205,Qld,3,2021,Sunday,16:00,Multiple,100,Passenger,Female,26_to_39
20214078,SA,3,2021,Saturday,12:10,Multiple,110,Driver,Male,17_to_25
20214027,SA,3,2021,Saturday,17:35,Single,100,Motorcycle rider,Male,26_to_39
20212045,Vic,3,2021,Saturday,15:42,Single,100,Motorcycle rider,Male,26_to_39
20212134,Vic,3,2021,Saturday,09:57,Multiple,60,Motorcycle rider,Male,40_to_64
20217021,NT,3,2021,Saturday,08:15,Multiple,60,Pedal cyclist,Male,40_to_64
20215090,WA,3,2021,Sunday,12:48,Single,110,Motorcycle rider,Male,40_to_64
20212084,Vic,3,2021,Sunday,15:50,Single,100,Motorcycle rider,Female,40_to_64
20213120,Qld,3,2021,Sunday,11:00,Multiple,100,Driver,Female,40_to_64
20213034,Qld,3,2021,Sunday,16:00,Single,100,Driver,Male,40_to_64
20214078,SA,3,2021,Saturday,12:10,Multiple,110,Passenger,Female,40_to_64
20213205,Qld,3,2021,Sunday,16:00,Multiple,100,Passenger,Female,40_to_64
20214084,SA,3,2021,Sunday,17:42,Multiple,60,Passenger,Female,40_to_64
20212055,Vic,3,2021,Saturday,09:35,Multiple,100,Driver,Male,40_to_64
20213065,Qld,3,2021,Saturday,12:00,Multiple,60,Motorcycle rider,Male,40_to_64
20213025,Qld,3,2021,Saturday,07:00,Single,90,Driver,Female,40_to_64
20215123,WA,3,2021,Tuesday,12:30,Single,110,Driver,Female,65_to_74
20213237,Qld,3,2021,Saturday,08:00,Single,70,Motorcycle rider,Male,65_to_74
20213194,Qld,3,2021,Saturday,14:00,Multiple,100,Motorcycle rider,Male,65_to_74
20212135,Vic,3,2021,Saturday,11:45,Single,100,Motorcycle rider,Male,65_to_74
20215116,WA,3,2021,Sunday,10:31,Multiple,100,Passenger,Female,65_to_74
20212174,Vic,3,2021,Saturday,10:23,Multiple,60,Passenger,Female,75_or_older
20211123,NSW,3,2021,Sunday,10:10,Single,80,Driver,Male,75_or_older
20212038,Vic,3,2021,Sunday,14:20,Multiple,100,Driver,Male,75_or_older
20213143,Qld,3,2021,Sunday,15:00,Multiple,90,Passenger,Male,17_to_25
20213143,Qld,3,2021,Sunday,15:00,Multiple,90,Driver,Male,17_to_25
20213005,Qld,3,2021,Monday,14:00,Multiple,80,Passenger,Male,0_to_16
20215059,WA,3,2021,Friday,16:41,Single,50,Motorcycle rider,Male,17_to_25
20212034,Vic,3,2021,Wednesday,16:58,Single,60,Motorcycle rider,Male,17_to_25
20213171,Qld,3,2021,Friday,15:00,Multiple,100,Motorcycle rider,Male,17_to_25
20213116,Qld,3,2021,Monday,16:00,Multiple,100,Driver,Male,17_to_25
20211188,NSW,3,2021,Wednesday,06:23,Single,80,Driver,Male,17_to_25
20212064,Vic,3,2021,Tuesday,08:20,Single,100,Driver,Male,26_to_39
20213118,Qld,3,2021,Tuesday,15:00,Multiple,100,Passenger,Male,26_to_39
20211224,NSW,3,2021,Wednesday,13:00,Multiple,80,Driver,Male,26_to_39
20213211,Qld,3,2021,Monday,09:00,Multiple,100,Driver,Male,26_to_39
20213113,Qld,3,2021,Monday,06:00,Single,60,Driver,Male,26_to_39
20213023,Qld,3,2021,Friday,17:00,Single,100,Passenger,Male,26_to_39
20215098,WA,3,2021,Wednesday,10:35,Single,110,Driver,Male,40_to_64
20211092,NSW,3,2021,Monday,07:00,Single,100,Motorcycle rider,Male,40_to_64
20214066,SA,3,2021,Friday,10:44,Single,60,Motorcycle rider,Male,40_to_64
20212192,Vic,3,2021,Tuesday,16:35,Multiple,80,Driver,Male,40_to_64
20214070,SA,3,2021,Tuesday,13:25,Single,80,Driver,Male,40_to_64
20212148,Vic,3,2021,Monday,15:50,Single,70,Driver,Male,40_to_64
20214065,SA,3,2021,Tuesday,09:00,Single,110,Driver,Male,40_to_64
20214004,SA,3,2021,Friday,14:25,Single,110,Driver,Male,40_to_64
20212121,Vic,3,2021,Wednesday,03:19,Single,80,Motorcycle rider,Male,0_to_16
20211197,NSW,3,2021,Tuesday,16:43,Multiple,70,Driver,Female,65_to_74
20217004,NT,3,2021,Thursday,12:11,Multiple,100,Driver,Female,65_to_74
20211217,NSW,3,2021,Monday,08:45,Single,80,Driver,Male,65_to_74
20211160,NSW,3,2021,Monday,08:10,Multiple,100,Driver,Male,65_to_74
20213009,Qld,3,2021,Monday,09:00,Multiple,60,Driver,Male,65_to_74
20215063,WA,3,2021,Thursday,22:21,Single,100,Driver,Male,17_to_25
20212072,Vic,3,2021,Wednesday,16:00,Multiple,100,Driver,Male,26_to_39
20212205,Vic,3,2021,Tuesday,11:49,Multiple,80,Driver,Female,75_or_older
20213209,Qld,3,2021,Wednesday,14:00,Multiple,60,Passenger,Female,75_or_older
20213209,Qld,3,2021,Wednesday,14:00,Multiple,60,Passenger,Male,75_or_older
20212157,Vic,3,2021,Thursday,14:20,Multiple,100,Driver,Male,75_or_older
20211035,NSW,3,2021,Wednesday,09:20,Multiple,50,Driver,Female,75_or_older
20215055,WA,3,2021,Wednesday,09:47,Multiple,100,Passenger,Female,75_or_older
20212169,Vic,3,2021,Thursday,08:55,Multiple,100,Driver,Male,75_or_older
20212051,Vic,3,2021,Thursday,10:59,Multiple,100,Driver,Female,75_or_older
20211121,NSW,3,2021,Tuesday,09:37,Multiple,60,Driver,Male,75_or_older
20213028,Qld,3,2021,Wednesday,10:00,Multiple,70,Driver,Male,75_or_older
20211139,NSW,3,2021,Friday,11:38,Multiple,50,Motorcycle rider,Male,75_or_older
20211150,NSW,3,2021,Wednesday,10:52,Multiple,110,Motorcycle rider,Male,40_to_64
20213050,Qld,3,2021,Wednesday,14:00,Multiple,100,Driver,Female,40_to_64
20212041,Vic,3,2021,Friday,18:23,Single,60,Pedestrian,Female,65_to_74
20215146,WA,3,2021,Tuesday,18:44,Multiple,-9,Pedestrian,Male,75_or_older
20214002,SA,3,2021,Wednesday,14:20,Single,60,Pedestrian,Male,65_to_74
20212091,Vic,3,2021,Friday,11:22,Single,40,Pedestrian,Male,65_to_74
20211043,NSW,3,2021,Wednesday,01:25,Multiple,110,Driver,Male,40_to_64
20211239,NSW,3,2021,Wednesday,13:00,Multiple,50,Pedestrian,Male,65_to_74
20211096,NSW,3,2021,Wednesday,19:15,Multiple,60,Pedestrian,Female,0_to_16
20214067,SA,2,2021,Saturday,21:00,Multiple,100,Motorcycle rider,Male,0_to_16
20211211,NSW,2,2021,Sunday,02:45,Single,100,Driver,Male,0_to_16
20211066,NSW,2,2021,Saturday,23:00,Single,100,Driver,Male,17_to_25
20213114,Qld,2,2021,Friday,21:00,Multiple,60,Motorcycle rider,Female,17_to_25
20213018,Qld,2,2021,Sunday,01:00,Single,60,Motorcycle rider,Male,17_to_25
20213142,Qld,2,2021,Saturday,22:00,Multiple,70,Driver,Male,17_to_25
20212158,Vic,2,2021,Sunday,01:03,Multiple,50,Driver,Male,26_to_39
20215155,WA,2,2021,Friday,19:09,Single,50,Driver,Male,26_to_39
20212145,Vic,2,2021,Saturday,23:37,Multiple,100,Driver,Male,26_to_39
20213071,Qld,2,2021,Saturday,19:00,Multiple,80,Motorcycle rider,Male,26_to_39
20215100,WA,2,2021,Friday,22:48,Single,100,Driver,Male,26_to_39
20214048,SA,2,2021,Sunday,23:11,Single,110,Driver,Male,40_to_64
20214023,SA,2,2021,Friday,18:10,Single,80,Driver,Male,40_to_64
20211144,NSW,2,2021,Sunday,00:25,Single,100,Driver,Male,26_to_39
20212204,Vic,2,2021,Sunday,19:49,Single,100,Driver,Female,26_to_39
20214019,SA,2,2021,Wednesday,22:01,Single,80,Passenger,Female,17_to_25
20212167,Vic,2,2021,Saturday,22:25,Single,100,Driver,Male,26_to_39
20213043,Qld,2,2021,Sunday,19:00,Single,60,Motorcycle rider,Male,26_to_39
20213059,Qld,2,2021,Friday,01:00,Multiple,100,Driver,Male,26_to_39
20211087,NSW,2,2021,Saturday,01:00,Multiple,100,Driver,Male,26_to_39
20211127,NSW,2,2021,Tuesday,04:48,Multiple,100,Driver,Male,40_to_64
20212007,Vic,2,2021,Thursday,21:51,Multiple,80,Pedal cyclist,Male,40_to_64
20212144,Vic,2,2021,Tuesday,18:56,Multiple,90,Motorcycle rider,Male,40_to_64
20211175,NSW,2,2021,Wednesday,05:45,Single,100,Driver,Male,40_to_64
20211218,NSW,2,2021,Tuesday,18:00,Single,100,Motorcycle rider,Male,17_to_25
20213131,Qld,2,2021,Wednesday,00:00,Single,100,Motorcycle rider,Male,26_to_39
20211154,NSW,2,2021,Wednesday,18:50,Single,70,Driver,Male,40_to_64
20211026,NSW,2,2021,Saturday,09:10,Single,60,Passenger,Male,0_to_16
20215053,WA,2,2021,Saturday,17:34,Multiple,80,Motorcycle rider,Male,17_to_25
20215096,WA,2,2021,Sunday,06:07,Single,110,Driver,Male,17_to_25
20213061,Qld,2,2021,Sunday,16:00,Single,60,Passenger,Male,26_to_39
20211091,NSW,2,2021,Sunday,14:45,Multiple,100,Driver,Male,26_to_39
20213122,Qld,2,2021,Saturday,08:00,Multiple,60,Driver,Female,26_to_39
20212203,Vic,2,2021,Saturday,14:45,Single,60,Passenger,Male,40_to_64
20213183,Qld,2,2021,Sunday,07:00,Single,60,Motorcycle rider,Male,40_to_64
20215122,WA,2,2021,Saturday,06:00,Single,110,Driver,Male,40_to_64
20213098,Qld,2,2021,Sunday,19:00,Single,110,Driver,Female,40_to_64
20211207,NSW,2,2021,Sunday,12:15,Single,100,Motorcycle rider,Male,40_to_64
20216019,Tas,2,2021,Sunday,14:40,Single,100,Motorcycle rider,Male,40_to_64
20211135,NSW,2,2021,Sunday,14:54,Multiple,60,Motorcycle rider,Male,40_to_64
20212197,Vic,2,2021,Sunday,15:30,Multiple,80,Pedal cyclist,Male,40_to_64
20211166,NSW,2,2021,Sunday,09:44,Single,60,Pedal cyclist,Male,40_to_64
20212025,Vic,2,2021,Saturday,12:05,Single,70,Passenger,Female,40_to_64
20211002,NSW,2,2021,Sunday,12:45,Multiple,80,Motorcycle pillion passenger,Female,40_to_64
20211192,NSW,2,2021,Friday,15:35,Multiple,50,Passenger,Male,0_to_16
20212100,Vic,2,2021,Saturday,01:10,Single,100,Driver,Male,40_to_64
20212090,Vic,2,2021,Tuesday,06:25,Multiple,80,Driver,Male,17_to_25
20213196,Qld,2,2021,Wednesday,13:00,Single,100,Motorcycle rider,Male,17_to_25
20213074,Qld,2,2021,Friday,06:00,Multiple,70,Motorcycle rider,Male,26_to_39
20212206,Vic,2,2021,Thursday,08:00,Multiple,90,Driver,Female,26_to_39
20213020,Qld,2,2021,Friday,13:00,Single,50,Driver,Female,26_to_39
20213090,Qld,2,2021,Monday,16:00,Single,100,Passenger,Male,26_to_39
20211201,NSW,2,2021,Friday,11:15,Multiple,80,Driver,Male,26_to_39
20212137,Vic,2,2021,Wednesday,06:55,Multiple,80,Motorcycle rider,Male,26_to_39
20213223,Qld,2,2021,Tuesday,06:00,Multiple,110,Passenger,Female,0_to_16
20213172,Qld,2,2021,Wednesday,12:00,Multiple,60,Motorcycle pillion passenger,Female,40_to_64
20213172,Qld,2,2021,Wednesday,12:00,Multiple,60,Motorcycle rider,Male,40_to_64
20213223,Qld,2,2021,Tuesday,06:00,Multiple,110,Driver,Female,40_to_64
20213085,Qld,2,2021,Friday,14:00,Single,60,Driver,Male,40_to_64
20212206,Vic,2,2021,Thursday,08:00,Multiple,90,Driver,Male,40_to_64
20213229,Qld,2,2021,Thursday,09:00,Multiple,80,Motorcycle rider,Male,40_to_64
20215003,WA,2,2021,Wednesday,14:44,Single,110,Passenger,Male,0_to_16
20214036,SA,2,2021,Wednesday,16:29,Multiple,60,Driver,Female,40_to_64
20211052,NSW,2,2021,Monday,11:20,Single,100,Driver,Female,40_to_64
20213234,Qld,2,2021,Monday,14:00,Single,80,Driver,Male,40_to_64
20211164,NSW,2,2021,Tuesday,17:10,Multiple,100,Driver,Male,40_to_64
20212136,Vic,2,2021,Monday,11:50,Single,90,Motorcycle rider,Male,40_to_64
20213121,Qld,2,2021,Monday,08:00,Single,70,Driver,Male,17_to_25
20213219,Qld,2,2021,Friday,14:00,Multiple,60,Motorcycle rider,Male,65_to_74
20211244,NSW,2,2021,Monday,13:00,Multiple,100,Passenger,Female,65_to_74
20214073,SA,2,2021,Wednesday,16:14,Multiple,60,Motorcycle rider,Male,65_to_74
20213186,Qld,2,2021,Thursday,09:00,Multiple,60,Motorcycle rider,Male,65_to_74
20211164,NSW,2,2021,Tuesday,17:10,Multiple,100,Passenger,Male,26_to_39
20211147,NSW,2,2021,Thursday,11:00,Multiple,80,Motorcycle rider,Male,65_to_74
20215117,WA,2,2021,Thursday,07:27,Multiple,100,Driver,Male,65_to_74
20211040,NSW,2,2021,Friday,13:45,Single,80,Motorcycle rider,Male,65_to_74
20214017,SA,2,2021,Monday,09:10,Single,80,Driver,Male,75_or_older
20214047,SA,2,2021,Thursday,11:45,Single,100,Driver,Male,75_or_older
20215076,WA,2,2021,Tuesday,23:57,Multiple,90,Driver,Male,40_to_64
20218001,ACT,2,2021,Monday,17:15,Single,50,Passenger,Male,40_to_64
20212075,Vic,2,2021,Tuesday,21:30,Single,60,Driver,Male,40_to_64
20212143,Vic,2,2021,Thursday,02:25,Multiple,100,Driver,Male,40_to_64
20213111,Qld,2,2021,Monday,10:00,Single,110,Driver,Male,75_or_older
20212206,Vic,2,2021,Thursday,08:00,Multiple,90,Other/-9,Male,-9
20212004,Vic,2,2021,Friday,18:30,Single,60,Pedestrian,Female,17_to_25
20213169,Qld,2,2021,Monday,01:00,Single,100,Pedestrian,Male,26_to_39
20211109,NSW,2,2021,Saturday,14:45,Single,60,Pedestrian,Male,65_to_74
20214055,SA,2,2021,Tuesday,15:20,Single,50,Pedestrian,Male,0_to_16
20211180,NSW,2,2021,Sunday,23:10,Single,50,Pedestrian,Male,65_to_74
20211196,NSW,2,2021,Tuesday,15:00,Single,50,Pedestrian,Male,75_or_older
20212089,Vic,2,2021,Tuesday,14:59,Single,-9,Pedestrian,Female,75_or_older
20211168,NSW,2,2021,Tuesday,08:30,Single,50,Pedestrian,Female,75_or_older
20218006,ACT,2,2021,Thursday,20:50,Multiple,60,Driver,Female,75_or_older
20213245,Qld,2,2021,Wednesday,18:00,Multiple,50,Pedal cyclist,Male,17_to_25
20212209,Vic,2,2021,Thursday,20:39,Multiple,60,Pedestrian,Male,40_to_64
20215034,WA,1,2021,Saturday,23:08,Single,60,Driver,Female,17_to_25
20214063,SA,1,2021,Sunday,22:25,Single,50,Driver,Male,17_to_25
20215120,WA,1,2021,Saturday,01:10,Multiple,50,Pedestrian,Male,17_to_25
20214076,SA,1,2021,Sunday,01:24,Single,50,Motorcycle rider,Male,17_to_25
20214024,SA,1,2021,Friday,23:00,Single,100,Motorcycle rider,Male,26_to_39
20212207,Vic,1,2021,Saturday,21:48,Multiple,100,Driver,Male,26_to_39
20213110,Qld,1,2021,Saturday,22:00,Single,70,Driver,Male,26_to_39
20212023,Vic,1,2021,Sunday,21:45,Multiple,80,Motorcycle rider,Male,26_to_39
20213073,Qld,1,2021,Monday,00:00,Single,100,Driver,Male,26_to_39
20213126,Qld,1,2021,Sunday,04:00,Single,100,Driver,Male,26_to_39
20213126,Qld,1,2021,Sunday,04:00,Single,100,Passenger,Male,26_to_39
20214006,SA,1,2021,Monday,03:30,Single,100,Driver,Male,26_to_39
20211074,NSW,1,2021,Sunday,21:00,Multiple,100,Driver,Male,40_to_64
20211074,NSW,1,2021,Sunday,21:00,Multiple,100,Passenger,Female,40_to_64
20212040,Vic,1,2021,Sunday,19:58,Single,100,Driver,Male,17_to_25
20211074,NSW,1,2021,Sunday,21:00,Multiple,100,Driver,Male,26_to_39
20211057,NSW,1,2021,Monday,00:31,Single,80,Driver,Female,26_to_39
20215131,WA,1,2021,Saturday,03:12,Single,110,Driver,Male,40_to_64
20212102,Vic,1,2021,Sunday,20:50,Single,100,Driver,Male,26_to_39
20215002,WA,1,2021,Wednesday,01:39,Single,80,Driver,Male,17_to_25
20213102,Qld,1,2021,Wednesday,18:00,Multiple,60,Motorcycle rider,Male,26_to_39
20217008,NT,1,2021,Friday,00:30,Single,100,Motorcycle rider,Male,26_to_39
20215004,WA,1,2021,Thursday,18:30,Multiple,60,Pedestrian,Female,26_to_39
20212184,Vic,1,2021,Thursday,21:50,Single,60,Motorcycle rider,Male,26_to_39
20217022,NT,1,2021,Monday,22:00,Single,60,Motorcycle rider,Male,26_to_39
20211260,NSW,1,2021,Friday,04:00,Multiple,50,Motorcycle pillion passenger,Female,26_to_39
20215011,WA,1,2021,Sunday,19:16,Multiple,60,Pedal cyclist,Male,40_to_64
20215125,WA,1,2021,Saturday,05:55,Single,80,Motorcycle rider,Male,40_to_64
20211054,NSW,1,2021,Wednesday,04:00,Single,60,Motorcycle rider,Male,26_to_39
20216029,Tas,1,2021,Wednesday,22:55,Multiple,50,Pedal cyclist,Male,0_to_16
20212097,Vic,1,2021,Tuesday,00:13,Single,70,Driver,Male,26_to_39
20215061,WA,1,2021,Sunday,19:31,Single,50,Motorcycle rider,Male,40_to_64
20213220,Qld,1,2021,Sunday,17:00,Single,100,Driver,Male,17_to_25
20218008,ACT,1,2021,Sunday,13:07,Single,100,Passenger,Male,17_to_25
20215103,WA,1,2021,Sunday,15:05,Single,110,Passenger,Female,17_to_25
20211117,NSW,1,2021,Sunday,08:49,Multiple,60,Motorcycle rider,Male,26_to_39
20212057,Vic,1,2021,Sunday,03:30,Single,80,Driver,Male,40_to_64
20213168,Qld,1,2021,Saturday,07:00,Multiple,80,Motorcycle rider,Male,26_to_39
20213072,Qld,1,2021,Sunday,10:00,Multiple,70,Driver,Male,26_to_39
20211251,NSW,1,2021,Saturday,10:38,Single,100,Driver,Male,40_to_64
20211037,NSW,1,2021,Sunday,11:00,Single,100,Passenger,Female,17_to_25
20215018,WA,1,2021,Sunday,17:29,Multiple,80,Motorcycle rider,Female,40_to_64
20215158,WA,1,2021,Sunday,06:10,Multiple,110,Driver,Male,40_to_64
20212068,Vic,1,2021,Saturday,16:57,Multiple,100,Motorcycle rider,Male,40_to_64
20212032,Vic,1,2021,Saturday,10:00,Multiple,80,Driver,Male,65_to_74
20211010,NSW,1,2021,Sunday,11:44,Single,100,Motorcycle rider,Male,65_to_74
20211023,NSW,1,2021,Sunday,13:10,Single,100,Driver,Female,65_to_74
20211022,NSW,1,2021,Tuesday,06:03,Multiple,80,Driver,Male,17_to_25
20213204,Qld,1,2021,Friday,11:00,Multiple,100,Passenger,Female,17_to_25
20215029,WA,1,2021,Wednesday,07:01,Multiple,70,Motorcycle rider,Male,17_to_25
20211229,NSW,1,2021,Friday,12:28,Multiple,100,Driver,Female,17_to_25
20215110,WA,1,2021,Friday,13:45,Single,110,Motorcycle rider,Male,26_to_39
20215156,WA,1,2021,Tuesday,07:05,Multiple,70,Driver,Male,26_to_39
20215094,WA,1,2021,Wednesday,12:00,Single,110,Motorcycle rider,Male,26_to_39
20215099,WA,1,2021,Thursday,17:13,Multiple,50,Motorcycle rider,Male,26_to_39
20212110,Vic,1,2021,Friday,12:15,Multiple,100,Driver,Female,26_to_39
20217026,NT,1,2021,Friday,14:30,Single,40,Driver,Male,26_to_39
20213055,Qld,1,2021,Thursday,11:00,Single,100,Driver,Male,40_to_64
20211105,NSW,1,2021,Friday,14:45,Single,110,Driver,Male,40_to_64
20213057,Qld,1,2021,Tuesday,17:00,Multiple,70,Pedestrian,Male,0_to_16
20213244,Qld,1,2021,Wednesday,12:00,Single,100,Driver,Male,40_to_64
20215014,WA,1,2021,Tuesday,11:17,Multiple,110,Pedestrian,Male,40_to_64
20211067,NSW,1,2021,Thursday,16:00,Multiple,50,Pedal cyclist,Male,40_to_64
20215151,WA,1,2021,Thursday,09:58,Multiple,90,Passenger,Female,40_to_64
20215021,WA,1,2021,Monday,14:38,Single,110,Driver,Female,40_to_64
20215134,WA,1,2021,Friday,09:25,Single,110,Driver,Female,40_to_64
20212015,Vic,1,2021,Monday,16:58,Multiple,80,Driver,Male,40_to_64
20213084,Qld,1,2021,Wednesday,09:00,Single,100,Motorcycle rider,Male,40_to_64
20214052,SA,1,2021,Thursday,17:48,Single,70,Motorcycle rider,Male,17_to_25
20216031,Tas,1,2021,Monday,14:33,Multiple,100,Motorcycle rider,Male,40_to_64
20213154,Qld,1,2021,Monday,17:00,Single,100,Motorcycle rider,Male,40_to_64
20214049,SA,1,2021,Friday,07:25,Multiple,50,Pedal cyclist,Male,40_to_64
20211152,NSW,1,2021,Monday,13:20,Single,80,Driver,Male,65_to_74
20211185,NSW,1,2021,Thursday,13:30,Single,100,Driver,Female,65_to_74
20214094,SA,1,2021,Wednesday,11:34,Multiple,110,Driver,Male,65_to_74
20211153,NSW,1,2021,Friday,14:15,Multiple,60,Driver,Male,65_to_74
20212163,Vic,1,2021,Wednesday,12:20,Multiple,80,Motorcycle rider,Male,75_or_older
20215111,WA,1,2021,Monday,14:44,Single,-9,Driver,Female,75_or_older
20215064,WA,1,2021,Thursday,23:19,Single,110,Driver,Female,40_to_64
20215151,WA,1,2021,Thursday,09:58,Multiple,90,Driver,Male,75_or_older
20212188,Vic,1,2021,Friday,15:53,Single,100,Driver,Male,75_or_older
20215083,WA,1,2021,Tuesday,17:26,Multiple,50,Motorcycle rider,Male,17_to_25
20215149,WA,1,2021,Friday,06:27,Single,110,Driver,Male,17_to_25
20213153,Qld,1,2021,Monday,14:00,Multiple,50,Motorcycle rider,Male,26_to_39
20211047,NSW,1,2021,Thursday,12:35,Single,70,Pedestrian,Male,17_to_25
20213164,Qld,1,2021,Friday,17:00,Single,70,Pedestrian,Male,40_to_64
20213124,Qld,1,2021,Friday,01:00,Single,60,Pedestrian,Male,17_to_25
20211019,NSW,1,2021,Thursday,10:25,Single,50,Pedestrian,Female,65_to_74
20214075,SA,1,2021,Wednesday,11:54,Single,10,Pedestrian,Male,75_or_older
20212035,Vic,1,2021,Monday,20:40,Single,60,Driver,Male,26_to_39
20213117,Qld,1,2021,Thursday,00:00,Single,50,Passenger,Male,0_to_16
20211038,NSW,1,2021,Friday,22:10,Multiple,60,Pedestrian,Female,0_to_16
20211205,NSW,1,2021,Sunday,10:00,Multiple,50,Pedestrian,Male,40_to_64
20211208,NSW,1,2021,Tuesday,14:30,Multiple,50,Pedestrian,Male,0_to_16
20211208,NSW,1,2021,Tuesday,14:30,Multiple,50,Pedestrian,Male,0_to_16
20213057,Qld,1,2021,Tuesday,17:00,Multiple,70,Pedestrian,Male,26_to_39
20213057,Qld,1,2021,Tuesday,17:00,Multiple,70,Pedestrian,Female,26_to_39
20225147,WA,12,2022,Sunday,18:48,Single,110,Driver,Male,26_to_39
20225062,WA,12,2022,Sunday,01:12,Multiple,110,Passenger,Male,17_to_25
20223032,Qld,12,2022,Sunday,03:00,Single,100,Driver,Male,17_to_25
20225094,WA,12,2022,Saturday,19:33,Single,60,Driver,Male,17_to_25
20225129,WA,12,2022,Saturday,04:29,Single,50,Driver,Male,26_to_39
20225096,WA,12,2022,Saturday,21:55,Single,60,Driver,Male,40_to_64
20225062,WA,12,2022,Sunday,01:12,Multiple,110,Driver,Male,26_to_39
20224017,SA,12,2022,Saturday,01:30,Single,100,Driver,Male,26_to_39
20225039,WA,12,2022,Friday,21:34,Single,50,Pedestrian,Female,40_to_64
20225098,WA,12,2022,Friday,22:38,Single,60,Pedestrian,Female,17_to_25
20222118,Vic,12,2022,Saturday,19:20,Single,80,Driver,Male,26_to_39
20221138,NSW,12,2022,Friday,23:45,Multiple,60,Pedestrian,Male,40_to_64
20225071,WA,12,2022,Monday,18:30,Single,60,Pedestrian,Male,40_to_64
20225049,WA,12,2022,Sunday,15:11,Single,-9,Motorcycle rider,Male,40_to_64
20222189,Vic,12,2022,Friday,19:59,Single,80,Motorcycle rider,Male,26_to_39
20222012,Vic,12,2022,Saturday,21:15,Multiple,80,Motorcycle rider,Male,26_to_39
20221074,NSW,12,2022,Friday,20:15,Multiple,50,Passenger,Male,26_to_39
20225002,WA,12,2022,Thursday,19:43,Single,110,Driver,Male,26_to_39
20223051,Qld,12,2022,Sunday,17:00,Single,100,Passenger,Male,0_to_16
20227006,NT,12,2022,Sunday,12:00,Multiple,130,Driver,Male,17_to_25
20223169,Qld,12,2022,Saturday,08:00,Single,100,Driver,Male,17_to_25
20223147,Qld,12,2022,Saturday,12:00,Single,80,Driver,Female,17_to_25
20222053,Vic,12,2022,Sunday,16:21,Single,80,Driver,Male,26_to_39
20221194,NSW,12,2022,Friday,20:00,Single,100,Motorcycle rider,Male,40_to_64
20222074,Vic,12,2022,Sunday,12:12,Multiple,50,Motorcycle rider,Male,26_to_39
20224023,SA,12,2022,Saturday,22:00,Single,100,Driver,Female,40_to_64
20226045,Tas,12,2022,Saturday,18:45,Single,60,Driver,Male,40_to_64
20223202,Qld,12,2022,Saturday,10:00,Multiple,80,Motorcycle pillion passenger,Female,26_to_39
20223122,Qld,12,2022,Saturday,16:00,Multiple,100,Driver,Male,26_to_39
20223112,Qld,12,2022,Saturday,19:00,Multiple,60,Motorcycle rider,Female,40_to_64
20222010,Vic,12,2022,Saturday,06:30,Single,100,Motorcycle rider,Male,40_to_64
20223202,Qld,12,2022,Saturday,10:00,Multiple,80,Motorcycle rider,Male,40_to_64
20225102,WA,12,2022,Saturday,15:23,Multiple,110,Passenger,Female,40_to_64
20222145,Vic,12,2022,Saturday,12:15,Multiple,100,Driver,Female,40_to_64
20224041,SA,12,2022,Friday,21:19,Single,100,Driver,Male,40_to_64
20222150,Vic,12,2022,Saturday,19:30,Single,60,Motorcycle rider,Female,40_to_64
20223158,Qld,12,2022,Saturday,12:00,Single,50,Driver,Female,75_or_older
20221078,NSW,12,2022,Saturday,11:00,Multiple,60,Passenger,Female,75_or_older
20222232,Vic,12,2022,Sunday,07:00,Single,100,Driver,Male,75_or_older
20223246,Qld,12,2022,Saturday,16:00,Multiple,60,Motorcycle rider,Male,75_or_older
20223147,Qld,12,2022,Saturday,12:00,Single,80,Passenger,Female,75_or_older
20221159,NSW,12,2022,Sunday,16:35,Multiple,80,Passenger,Female,17_to_25
20225077,WA,12,2022,Thursday,17:49,Single,110,Passenger,Male,0_to_16
20225072,WA,12,2022,Tuesday,11:49,Single,110,Driver,Female,17_to_25
20223119,Qld,12,2022,Wednesday,13:00,Multiple,100,Passenger,Female,17_to_25
20221114,NSW,12,2022,Thursday,16:34,Multiple,80,Motorcycle rider,Male,17_to_25
20223188,Qld,12,2022,Thursday,15:00,Multiple,70,Motorcycle rider,Male,26_to_39
20221017,NSW,12,2022,Friday,16:40,Multiple,100,Driver,Female,26_to_39
20223215,Qld,12,2022,Thursday,06:00,Multiple,60,Driver,Male,26_to_39
20225028,WA,12,2022,Wednesday,10:46,Multiple,70,Motorcycle rider,Male,26_to_39
20223119,Qld,12,2022,Wednesday,13:00,Multiple,100,Driver,Male,26_to_39
20225154,WA,12,2022,Tuesday,16:06,Single,70,Motorcycle pillion passenger,Female,26_to_39
20223107,Qld,12,2022,Wednesday,13:00,Single,70,Driver,Male,26_to_39
20225117,WA,12,2022,Thursday,07:50,Multiple,60,Motorcycle rider,Male,26_to_39
20221026,NSW,12,2022,Tuesday,12:37,Multiple,100,Driver,Male,26_to_39
20223243,Qld,12,2022,Friday,17:00,Multiple,60,Passenger,Female,26_to_39
20225112,WA,12,2022,Wednesday,12:26,Single,110,Driver,Male,26_to_39
20222100,Vic,12,2022,Wednesday,11:30,Multiple,100,Driver,Female,40_to_64
20221237,NSW,12,2022,Thursday,11:30,Multiple,100,Driver,Female,40_to_64
20221193,NSW,12,2022,Friday,16:45,Multiple,100,Driver,Male,40_to_64
20225160,WA,12,2022,Thursday,09:14,Single,110,Driver,Male,40_to_64
20222085,Vic,12,2022,Sunday,18:50,Multiple,80,Passenger,Male,75_or_older
20223244,Qld,12,2022,Sunday,20:00,Single,60,Driver,Male,26_to_39
20221236,NSW,12,2022,Friday,22:30,Single,60,Driver,Male,17_to_25
20223199,Qld,12,2022,Saturday,21:00,Multiple,70,Passenger,Male,17_to_25
20225073,WA,12,2022,Wednesday,11:34,Multiple,50,Pedal cyclist,Male,40_to_64
20223216,Qld,12,2022,Wednesday,17:00,Multiple,60,Motorcycle rider,Male,40_to_64
20225027,WA,12,2022,Monday,08:56,Single,60,Driver,Male,40_to_64
20225072,WA,12,2022,Tuesday,11:49,Single,110,Passenger,Male,26_to_39
20221187,NSW,12,2022,Thursday,13:53,Multiple,100,Motorcycle rider,Male,40_to_64
20222020,Vic,12,2022,Tuesday,15:54,Single,-9,Driver,Male,40_to_64
20221033,NSW,12,2022,Friday,08:50,Single,50,Pedal cyclist,Male,65_to_74
20221109,NSW,12,2022,Friday,17:59,Multiple,100,Driver,Female,65_to_74
20221031,NSW,12,2022,Thursday,18:49,Multiple,80,Driver,Female,17_to_25
20224003,SA,12,2022,Tuesday,19:30,Single,110,Passenger,Female,17_to_25
20224003,SA,12,2022,Tuesday,19:30,Single,110,Driver,Male,17_to_25
20221134,NSW,12,2022,Tuesday,20:10,Single,60,Motorcycle rider,Male,17_to_25
20224001,SA,12,2022,Wednesday,20:54,Multiple,80,Motorcycle rider,Male,17_to_25
20223035,Qld,12,2022,Thursday,20:00,Single,60,Motorcycle rider,Male,26_to_39
20223243,Qld,12,2022,Friday,17:00,Multiple,60,Driver,Female,65_to_74
20225009,WA,12,2022,Friday,10:21,Multiple,90,Passenger,Female,75_or_older
20222080,Vic,12,2022,Monday,19:03,Single,100,Passenger,Male,26_to_39
20223062,Qld,12,2022,Wednesday,09:00,Multiple,60,Passenger,Male,75_or_older
20223034,Qld,12,2022,Thursday,12:00,Multiple,100,Passenger,Female,75_or_older
20221035,NSW,12,2022,Friday,16:30,Single,60,Driver,Female,75_or_older
20223243,Qld,12,2022,Friday,17:00,Multiple,60,Passenger,Male,75_or_older
20221127,NSW,12,2022,Thursday,22:12,Multiple,60,Motorcycle rider,Male,40_to_64
20221069,NSW,12,2022,Thursday,11:45,Single,100,Passenger,Male,0_to_16
20224030,SA,12,2022,Wednesday,18:35,Single,100,Driver,Male,40_to_64
20224003,SA,12,2022,Tuesday,19:30,Single,110,Passenger,Male,40_to_64
20221122,NSW,12,2022,Friday,01:20,Single,50,Driver,Male,40_to_64
20222084,Vic,12,2022,Saturday,08:00,Single,40,Pedestrian,Female,75_or_older
20221058,NSW,12,2022,Saturday,12:45,Single,50,Pedestrian,Male,75_or_older
20222112,Vic,12,2022,Sunday,22:25,Single,100,Pedestrian,Male,26_to_39
20221258,NSW,12,2022,Tuesday,21:30,Single,50,Pedestrian,Female,26_to_39
20221061,NSW,12,2022,Wednesday,16:35,Single,40,Pedestrian,Female,75_or_older
20223079,Qld,12,2022,Thursday,12:00,Single,50,Pedestrian,Male,75_or_older
20221091,NSW,12,2022,Wednesday,12:55,Single,50,Pedestrian,Male,75_or_older
20221123,NSW,12,2022,Friday,15:25,Single,40,Pedestrian,Female,75_or_older
20223250,Qld,12,2022,Wednesday,20:00,Single,60,Pedestrian,Male,65_to_74
20225101,WA,12,2022,Thursday,23:04,Single,60,Driver,Female,26_to_39
20221138,NSW,12,2022,Friday,23:45,Multiple,60,Pedestrian,Female,17_to_25
20221147,NSW,12,2022,Thursday,11:15,Multiple,50,Pedestrian,Male,17_to_25
20223110,Qld,11,2022,Saturday,01:00,Multiple,60,Motorcycle pillion passenger,Female,26_to_39
20225155,WA,11,2022,Saturday,19:19,Single,110,Driver,Female,26_to_39
20221137,NSW,11,2022,Saturday,22:20,Multiple,60,Motorcycle rider,Male,17_to_25
20223263,Qld,11,2022,Friday,19:00,Single,100,Driver,Female,17_to_25
20221253,NSW,11,2022,Saturday,23:11,Multiple,60,Passenger,Male,26_to_39
20222006,Vic,11,2022,Saturday,00:20,Single,60,Motorcycle rider,Male,26_to_39
20223110,Qld,11,2022,Saturday,01:00,Multiple,60,Motorcycle rider,Male,26_to_39
20221166,NSW,11,2022,Tuesday,20:20,Single,100,Driver,Female,17_to_25
20225103,WA,11,2022,Wednesday,21:03,Single,50,Motorcycle rider,Male,26_to_39
20225083,WA,11,2022,Wednesday,21:02,Single,60,Motorcycle rider,Male,26_to_39
20225067,WA,11,2022,Tuesday,21:46,Single,110,Passenger,Male,40_to_64
20227015,NT,11,2022,Thursday,22:29,Single,110,Passenger,Male,17_to_25
20222001,Vic,11,2022,Friday,22:45,Multiple,70,Pedal cyclist,Male,26_to_39
20223126,Qld,11,2022,Sunday,14:00,Multiple,100,Driver,Male,17_to_25
20221084,NSW,11,2022,Sunday,10:30,Multiple,60,Motorcycle rider,Male,17_to_25
20221215,NSW,11,2022,Sunday,16:41,Single,50,Passenger,Male,17_to_25
20221211,NSW,11,2022,Sunday,12:20,Multiple,60,Driver,Female,26_to_39
20226001,Tas,11,2022,Saturday,15:15,Single,80,Motorcycle rider,Male,0_to_16
20225110,WA,11,2022,Sunday,09:54,Multiple,100,Motorcycle rider,Male,40_to_64
20221117,NSW,11,2022,Saturday,07:30,Single,100,Pedal cyclist,Male,40_to_64
20223189,Qld,11,2022,Saturday,13:00,Single,100,Motorcycle rider,Male,40_to_64
20225161,WA,11,2022,Sunday,11:27,Multiple,80,Driver,Female,40_to_64
20222021,Vic,11,2022,Sunday,14:25,Single,100,Driver,Female,40_to_64
20225008,WA,11,2022,Friday,20:15,Single,110,Driver,Female,40_to_64
20221248,NSW,11,2022,Saturday,13:50,Multiple,100,Motorcycle rider,Male,40_to_64
20221213,NSW,11,2022,Saturday,15:20,Single,60,Driver,Female,40_to_64
20223239,Qld,11,2022,Saturday,11:00,Single,60,Motorcycle rider,Male,65_to_74
20225041,WA,11,2022,Sunday,10:30,Single,100,Motorcycle rider,Male,65_to_74
20223029,Qld,11,2022,Sunday,08:00,Multiple,60,Driver,Female,75_or_older
20221032,NSW,11,2022,Saturday,10:00,Single,60,Passenger,Male,75_or_older
20223228,Qld,11,2022,Saturday,14:00,Single,100,Driver,Female,75_or_older
20225115,WA,11,2022,Saturday,14:26,Multiple,70,Passenger,Male,75_or_older
20225115,WA,11,2022,Saturday,14:26,Multiple,70,Passenger,Female,75_or_older
20223186,Qld,11,2022,Sunday,08:00,Single,40,Motorcycle rider,Male,40_to_64
20222220,Vic,11,2022,Sunday,11:25,Multiple,80,Driver,Female,40_to_64
20222134,Vic,11,2022,Saturday,16:45,Multiple,100,Passenger,Female,17_to_25
20223193,Qld,11,2022,Thursday,17:00,Multiple,60,Pedal cyclist,Male,0_to_16
20225136,WA,11,2022,Thursday,13:45,Single,80,Driver,Female,17_to_25
20222164,Vic,11,2022,Wednesday,13:23,Multiple,100,Driver,Male,17_to_25
20226013,Tas,11,2022,Friday,08:25,Single,100,Driver,Male,17_to_25
20224061,SA,11,2022,Saturday,19:29,Multiple,80,Driver,Male,75_or_older
20225010,WA,11,2022,Wednesday,09:25,Multiple,110,Passenger,Female,17_to_25
20221182,NSW,11,2022,Thursday,06:40,Multiple,60,Pedal cyclist,Male,26_to_39
20221203,NSW,11,2022,Tuesday,07:20,Multiple,110,Driver,Male,26_to_39
20223076,Qld,11,2022,Thursday,15:00,Multiple,80,Driver,Male,26_to_39
20223076,Qld,11,2022,Thursday,15:00,Multiple,80,Passenger,Female,26_to_39
20223271,Qld,11,2022,Wednesday,15:00,Multiple,60,Motorcycle rider,-9,26_to_39
20221093,NSW,11,2022,Friday,17:17,Single,110,Driver,Male,26_to_39
20222043,Vic,11,2022,Thursday,12:20,Single,100,Driver,Male,26_to_39
20223212,Qld,11,2022,Friday,13:00,Multiple,50,Motorcycle rider,Male,26_to_39
20221172,NSW,11,2022,Monday,11:25,Single,100,Driver,Female,40_to_64
20221051,NSW,11,2022,Thursday,11:00,Single,100,Driver,Female,40_to_64
20222124,Vic,11,2022,Thursday,16:46,Multiple,80,Driver,Female,40_to_64
20224036,SA,11,2022,Friday,21:29,Single,60,Motorcycle rider,Male,26_to_39
20221232,NSW,11,2022,Tuesday,15:50,Single,100,Driver,Male,40_to_64
20224029,SA,11,2022,Friday,17:10,Multiple,60,Pedal cyclist,Male,40_to_64
20222097,Vic,11,2022,Tuesday,12:06,Multiple,60,Driver,Female,40_to_64
20223026,Qld,11,2022,Wednesday,18:00,Single,60,Passenger,Male,17_to_25
20222057,Vic,11,2022,Friday,15:30,Single,100,Motorcycle rider,Male,65_to_74
20221046,NSW,11,2022,Thursday,07:15,Multiple,50,Pedal cyclist,Male,65_to_74
20223095,Qld,11,2022,Thursday,16:00,Single,70,Pedal cyclist,Male,65_to_74
20223229,Qld,11,2022,Thursday,23:00,Single,80,Driver,Male,17_to_25
20226021,Tas,11,2022,Tuesday,08:16,Single,80,Driver,Male,65_to_74
20222125,Vic,11,2022,Thursday,05:00,Single,110,Driver,Male,26_to_39
20225100,WA,11,2022,Wednesday,14:46,Single,110,Motorcycle rider,Male,65_to_74
20224039,SA,11,2022,Tuesday,21:35,Multiple,60,Passenger,Female,26_to_39
20225046,WA,11,2022,Friday,13:02,Multiple,110,Driver,Female,40_to_64
20225005,WA,11,2022,Wednesday,06:51,Single,110,Driver,Male,40_to_64
20222132,Vic,11,2022,Tuesday,04:55,Single,60,Driver,Male,40_to_64
20222049,Vic,11,2022,Friday,01:10,Multiple,100,Driver,Male,40_to_64
20224028,SA,11,2022,Tuesday,10:57,Multiple,60,Driver,Female,75_or_older
20223015,Qld,11,2022,Monday,17:00,Single,100,Driver,Male,75_or_older
20221083,NSW,11,2022,Wednesday,14:00,Single,100,Driver,Male,75_or_older
20221181,NSW,11,2022,Thursday,10:00,Multiple,60,Driver,Female,75_or_older
20223205,Qld,11,2022,Tuesday,19:00,Multiple,100,Passenger,Male,40_to_64
20223060,Qld,11,2022,Monday,06:00,Single,60,Driver,Male,17_to_25
20221209,NSW,11,2022,Tuesday,03:00,Single,60,Motorcycle rider,Male,40_to_64
20222121,Vic,11,2022,Thursday,22:00,Multiple,60,Motorcycle rider,Male,40_to_64
20225125,WA,11,2022,Wednesday,10:48,Single,20,Pedestrian,Male,75_or_older
20221161,NSW,11,2022,Monday,09:45,Multiple,100,Driver,Female,40_to_64
20223142,Qld,11,2022,Wednesday,06:00,Multiple,100,Driver,Male,26_to_39
20223224,Qld,11,2022,Wednesday,04:00,Multiple,70,Pedal cyclist,Male,40_to_64
20225064,WA,11,2022,Tuesday,20:25,Single,70,Driver,Male,40_to_64
20223176,Qld,11,2022,Saturday,21:00,Single,60,Pedestrian,Female,26_to_39
20223265,Qld,11,2022,Saturday,01:00,Single,50,Pedestrian,Male,26_to_39
20227040,NT,11,2022,Wednesday,18:00,Single,80,Pedestrian,Male,40_to_64
20223207,Qld,11,2022,Sunday,13:00,Single,100,Pedestrian,Male,0_to_16
20223209,Qld,11,2022,Sunday,22:00,Single,80,Pedestrian,Male,40_to_64
20223078,Qld,11,2022,Sunday,07:00,Single,60,Pedestrian,Female,65_to_74
20222159,Vic,11,2022,Saturday,00:16,Single,80,Pedestrian,Male,40_to_64
20222133,Vic,11,2022,Friday,18:35,Single,70,Pedestrian,Male,65_to_74
20221007,NSW,11,2022,Monday,12:57,Single,60,Pedestrian,Female,40_to_64
20222127,Vic,11,2022,Sunday,21:15,Single,60,Pedestrian,Female,0_to_16
20221196,NSW,11,2022,Tuesday,08:40,Single,50,Pedestrian,Female,40_to_64
20226010,Tas,11,2022,Monday,12:34,Single,50,Pedestrian,Male,65_to_74
20223101,Qld,11,2022,Monday,14:00,Single,50,Pedestrian,Female,75_or_older
20223044,Qld,11,2022,Tuesday,01:00,Multiple,60,Passenger,Male,26_to_39
20222039,Vic,11,2022,Wednesday,21:33,Single,60,Pedestrian,Male,40_to_64
20222013,Vic,11,2022,Friday,05:30,Single,50,Pedestrian,Male,65_to_74
20223044,Qld,11,2022,Tuesday,01:00,Multiple,60,Driver,Female,17_to_25
20222070,Vic,11,2022,Monday,15:11,Multiple,50,Pedestrian,Female,17_to_25
20221028,NSW,11,2022,Friday,05:15,Multiple,50,Pedestrian,Female,65_to_74
20228009,ACT,10,2022,Sunday,03:55,Single,80,Passenger,Female,0_to_16
20228009,ACT,10,2022,Sunday,03:55,Single,80,Passenger,Female,0_to_16
20226041,Tas,10,2022,Saturday,18:30,Single,80,Passenger,Male,17_to_25
20228005,ACT,10,2022,Saturday,22:00,Single,60,Driver,Male,17_to_25
20225124,WA,10,2022,Friday,21:05,Multiple,50,Motorcycle rider,Male,26_to_39
20221030,NSW,10,2022,Friday,21:03,Single,80,Driver,Male,17_to_25
20225142,WA,10,2022,Sunday,19:51,Single,100,Motorcycle rider,Male,40_to_64
20222215,Vic,10,2022,Tuesday,18:13,Multiple,60,Motorcycle rider,Male,17_to_25
20221108,NSW,10,2022,Monday,23:15,Single,100,Passenger,Male,26_to_39
20225091,WA,10,2022,Friday,23:50,Single,50,Pedestrian,Male,26_to_39
20221170,NSW,10,2022,Tuesday,04:25,Single,70,Driver,Male,26_to_39
20227033,NT,10,2022,Friday,03:55,Single,110,Passenger,Male,26_to_39
20225106,WA,10,2022,Thursday,20:13,Single,110,Driver,Male,40_to_64
20225018,WA,10,2022,Thursday,02:03,Single,60,Driver,Male,40_to_64
20225150,WA,10,2022,Thursday,19:18,Single,110,Driver,Male,26_to_39
20222065,Vic,10,2022,Friday,19:48,Single,100,Motorcycle rider,Male,26_to_39
20226023,Tas,10,2022,Friday,00:14,Multiple,110,Passenger,Male,17_to_25
20221108,NSW,10,2022,Monday,23:15,Single,100,Passenger,Male,26_to_39
20222137,Vic,10,2022,Monday,19:03,Single,60,Driver,Male,17_to_25
20221198,NSW,10,2022,Saturday,10:40,Single,100,Passenger,Male,0_to_16
20228002,ACT,10,2022,Sunday,14:45,Multiple,60,Passenger,Male,17_to_25
20223231,Qld,10,2022,Sunday,03:00,Single,60,Pedal cyclist,Male,40_to_64
20221038,NSW,10,2022,Sunday,15:00,Multiple,100,Driver,Male,17_to_25
20223184,Qld,10,2022,Sunday,13:00,Single,60,Motorcycle rider,Male,17_to_25
20221119,NSW,10,2022,Saturday,16:03,Single,70,Driver,Male,17_to_25
20223172,Qld,10,2022,Sunday,20:00,Multiple,60,Motorcycle rider,Male,40_to_64
20223103,Qld,10,2022,Saturday,00:00,Single,90,Motorcycle rider,Male,40_to_64
20223235,Qld,10,2022,Sunday,19:00,Multiple,100,Motorcycle rider,Male,40_to_64
20225022,WA,10,2022,Saturday,13:13,Single,110,Driver,Male,40_to_64
20223125,Qld,10,2022,Sunday,17:00,Single,70,Driver,Male,40_to_64
20222225,Vic,10,2022,Saturday,12:48,Single,100,Driver,Male,40_to_64
20222175,Vic,10,2022,Saturday,06:20,Single,40,Motorcycle rider,Male,40_to_64
20228002,ACT,10,2022,Sunday,14:45,Multiple,60,Passenger,Female,40_to_64
20228002,ACT,10,2022,Sunday,14:45,Multiple,60,Passenger,Male,40_to_64
20223171,Qld,10,2022,Sunday,15:00,Multiple,60,Motorcycle rider,Male,40_to_64
20224035,SA,10,2022,Sunday,10:50,Multiple,100,Motorcycle rider,Male,40_to_64
20224057,SA,10,2022,Monday,03:45,Single,50,Motorcycle rider,Male,40_to_64
20222026,Vic,10,2022,Saturday,22:52,Multiple,110,Driver,Female,40_to_64
20225097,WA,10,2022,Sunday,15:05,Single,110,Motorcycle rider,Male,65_to_74
20226011,Tas,10,2022,Saturday,09:41,Multiple,110,Driver,Male,65_to_74
20221115,NSW,10,2022,Sunday,16:10,Multiple,110,Driver,Female,65_to_74
20222210,Vic,10,2022,Saturday,15:15,Multiple,80,Driver,Male,75_or_older
20222212,Vic,10,2022,Sunday,11:48,Multiple,80,Pedal cyclist,Male,75_or_older
20221014,NSW,10,2022,Sunday,13:00,Single,100,Motorcycle rider,Male,65_to_74
20223230,Qld,10,2022,Sunday,07:00,Multiple,40,Driver,Female,75_or_older
20221042,NSW,10,2022,Wednesday,11:05,Single,100,Driver,Male,17_to_25
20222170,Vic,10,2022,Wednesday,15:10,Multiple,70,Driver,Male,17_to_25
20225157,WA,10,2022,Monday,17:01,Multiple,100,Driver,Male,17_to_25
20221067,NSW,10,2022,Wednesday,16:30,Multiple,60,Motorcycle rider,Male,17_to_25
20225095,WA,10,2022,Sunday,04:30,Multiple,100,Pedal cyclist,Male,75_or_older
20225038,WA,10,2022,Wednesday,06:19,Multiple,110,Driver,Female,26_to_39
20227007,NT,10,2022,Friday,06:00,Single,130,Other/-9,Female,26_to_39
20227007,NT,10,2022,Friday,06:00,Single,130,Other/-9,Female,26_to_39
20221133,NSW,10,2022,Thursday,06:10,Multiple,100,Driver,Female,26_to_39
20225123,WA,10,2022,Tuesday,09:01,Multiple,100,Driver,Male,40_to_64
20223221,Qld,10,2022,Wednesday,12:00,Single,100,Driver,Male,40_to_64
20222197,Vic,10,2022,Friday,19:38,Single,100,Driver,Male,75_or_older
20225025,WA,10,2022,Tuesday,20:36,Single,100,Driver,Male,65_to_74
20222190,Vic,10,2022,Friday,13:20,Multiple,110,Motorcycle rider,Male,40_to_64
20221217,NSW,10,2022,Sunday,01:00,Single,100,Driver,Male,17_to_25
20223145,Qld,10,2022,Friday,21:00,Single,100,Motorcycle rider,Male,17_to_25
20223127,Qld,10,2022,Saturday,23:00,Single,50,Passenger,Female,0_to_16
20222128,Vic,10,2022,Tuesday,16:30,Multiple,100,Motorcycle rider,Male,40_to_64
20221255,NSW,10,2022,Tuesday,01:30,Single,80,Passenger,Male,0_to_16
20223143,Qld,10,2022,Wednesday,06:00,Multiple,100,Passenger,Male,40_to_64
20222224,Vic,10,2022,Wednesday,13:42,Multiple,60,Motorcycle rider,Male,40_to_64
20223106,Qld,10,2022,Tuesday,21:00,Single,100,Driver,Male,17_to_25
20223019,Qld,10,2022,Friday,05:00,Multiple,80,Driver,Male,17_to_25
20222129,Vic,10,2022,Tuesday,19:17,Single,50,Passenger,Female,26_to_39
20223117,Qld,10,2022,Thursday,20:00,Single,50,Motorcycle rider,Male,26_to_39
20222077,Vic,10,2022,Thursday,17:11,Single,50,Pedal cyclist,Male,75_or_older
20222024,Vic,10,2022,Thursday,15:20,Multiple,80,Driver,Male,75_or_older
20223201,Qld,10,2022,Friday,16:00,Multiple,90,Driver,Female,40_to_64
20221053,NSW,10,2022,Monday,20:30,Multiple,80,Driver,Male,40_to_64
20222174,Vic,10,2022,Monday,02:20,Single,60,Pedestrian,Male,0_to_16
20223041,Qld,10,2022,Sunday,03:00,Single,60,Pedestrian,Male,26_to_39
20224037,SA,10,2022,Thursday,21:45,Single,60,Pedestrian,Female,40_to_64
20222155,Vic,10,2022,Saturday,20:24,Single,70,Pedestrian,Male,40_to_64
20221192,NSW,10,2022,Saturday,05:23,Single,50,Pedestrian,Female,40_to_64
20221163,NSW,10,2022,Saturday,19:48,Single,50,Pedestrian,Male,65_to_74
20222213,Vic,10,2022,Wednesday,10:13,Single,50,Pedestrian,Male,40_to_64
20225159,WA,10,2022,Tuesday,04:31,Single,110,Driver,Male,75_or_older
20221239,NSW,10,2022,Thursday,12:08,Single,50,Pedestrian,Male,40_to_64
20221025,NSW,10,2022,Monday,13:25,Single,50,Pedestrian,Female,65_to_74
20226022,Tas,10,2022,Wednesday,23:56,Single,60,Pedestrian,Male,26_to_39
20226023,Tas,10,2022,Friday,00:14,Multiple,110,Driver,Male,17_to_25
20223089,Qld,10,2022,Wednesday,17:00,Single,70,Pedestrian,Male,40_to_64
20221057,NSW,10,2022,Wednesday,19:20,Single,50,Pedestrian,Male,65_to_74
20227011,NT,10,2022,Friday,19:28,Multiple,80,Pedestrian,Female,65_to_74
20223098,Qld,9,2022,Saturday,21:00,Single,70,Driver,Male,17_to_25
20224007,SA,9,2022,Friday,20:00,Single,100,Driver,Female,17_to_25
20221240,NSW,9,2022,Sunday,18:35,Single,110,Driver,Female,17_to_25
20225139,WA,9,2022,Friday,22:58,Single,80,Driver,Male,26_to_39
20225057,WA,9,2022,Friday,19:48,Single,110,Passenger,Female,26_to_39
20222086,Vic,9,2022,Friday,18:48,Multiple,50,Motorcycle rider,Male,17_to_25
20223090,Qld,9,2022,Sunday,22:00,Single,60,Motorcycle rider,Male,26_to_39
20225035,WA,9,2022,Sunday,19:01,Single,60,Motorcycle rider,Male,26_to_39
20221165,NSW,9,2022,Tuesday,19:50,Single,60,Passenger,Female,0_to_16
20221165,NSW,9,2022,Tuesday,19:50,Single,60,Passenger,Male,0_to_16
20221165,NSW,9,2022,Tuesday,19:50,Single,60,Passenger,Male,0_to_16
20224045,SA,9,2022,Tuesday,21:46,Single,60,Passenger,Male,17_to_25
20225081,WA,9,2022,Friday,18:50,Multiple,110,Driver,Female,26_to_39
20225030,WA,9,2022,Saturday,02:26,Single,110,Passenger,Male,17_to_25
20225149,WA,9,2022,Wednesday,20:45,Single,80,Driver,Male,26_to_39
20226025,Tas,9,2022,Friday,23:30,Single,100,Motorcycle rider,Male,26_to_39
20225089,WA,9,2022,Sunday,18:51,Single,110,Driver,Male,40_to_64
20225109,WA,9,2022,Thursday,05:50,Multiple,110,Motorcycle rider,Male,40_to_64
20221088,NSW,9,2022,Friday,18:13,Multiple,110,Driver,Male,26_to_39
20225127,WA,9,2022,Monday,20:54,Single,-9,Driver,Male,75_or_older
20221165,NSW,9,2022,Tuesday,19:50,Single,60,Passenger,Female,0_to_16
20221012,NSW,9,2022,Saturday,09:05,Multiple,110,Passenger,Male,0_to_16
20223249,Qld,9,2022,Sunday,14:00,Single,70,Motorcycle rider,Male,0_to_16
20222211,Vic,9,2022,Sunday,13:15,Single,100,Motorcycle rider,Male,17_to_25
20228006,ACT,9,2022,Sunday,15:10,Multiple,80,Other/-9,Female,17_to_25
20225001,WA,9,2022,Sunday,06:37,Single,60,Driver,Female,17_to_25
20225001,WA,9,2022,Sunday,06:37,Single,60,Passenger,Female,17_to_25
20224051,SA,9,2022,Saturday,14:25,Multiple,100,Motorcycle rider,Male,17_to_25
20221045,NSW,9,2022,Sunday,13:15,Multiple,100,Passenger,Male,26_to_39
20226019,Tas,9,2022,Sunday,15:40,Single,100,Driver,Male,40_to_64
20221214,NSW,9,2022,Sunday,12:45,Multiple,80,Motorcycle rider,Male,40_to_64
20221216,NSW,9,2022,Sunday,14:40,Single,100,Motorcycle rider,Male,40_to_64
20221190,NSW,9,2022,Saturday,21:20,Single,80,Motorcycle rider,Male,40_to_64
20225011,WA,9,2022,Sunday,08:40,Single,70,Pedal cyclist,Male,40_to_64
20221012,NSW,9,2022,Saturday,09:05,Multiple,110,Driver,Male,40_to_64
20223024,Qld,9,2022,Friday,23:00,Single,50,Passenger,Male,40_to_64
20221002,NSW,9,2022,Sunday,14:30,Single,100,Driver,Female,75_or_older
20223030,Qld,9,2022,Sunday,07:00,Multiple,100,Driver,Male,40_to_64
20222223,Vic,9,2022,Sunday,11:45,Multiple,80,Pedal cyclist,Male,40_to_64
20223185,Qld,9,2022,Saturday,08:00,Multiple,100,Motorcycle rider,Male,17_to_25
20223120,Qld,9,2022,Thursday,09:00,Single,70,Passenger,Male,0_to_16
20223086,Qld,9,2022,Friday,18:00,Single,80,Driver,Male,65_to_74
20222218,Vic,9,2022,Saturday,19:48,Multiple,80,Driver,Female,65_to_74
20222040,Vic,9,2022,Thursday,09:56,Multiple,60,Motorcycle rider,Male,17_to_25
20225145,WA,9,2022,Friday,12:26,Single,110,Driver,Male,17_to_25
20224008,SA,9,2022,Wednesday,13:39,Single,80,Driver,Male,17_to_25
20223139,Qld,9,2022,Thursday,15:00,Multiple,60,Motorcycle rider,Male,17_to_25
20223056,Qld,9,2022,Monday,14:00,Multiple,100,Driver,Male,26_to_39
20221047,NSW,9,2022,Friday,15:45,Multiple,100,Driver,Male,26_to_39
20225040,WA,9,2022,Tuesday,17:00,Single,70,Motorcycle rider,Male,26_to_39
20222109,Vic,9,2022,Thursday,08:20,Single,50,Motorcycle rider,Male,26_to_39
20222044,Vic,9,2022,Thursday,07:46,Single,80,Motorcycle rider,Male,26_to_39
20223138,Qld,9,2022,Thursday,13:00,Single,100,Motorcycle rider,Male,26_to_39
20222025,Vic,9,2022,Tuesday,14:49,Multiple,80,Motorcycle rider,Male,26_to_39
20221118,NSW,9,2022,Monday,08:52,Single,100,Driver,Male,40_to_64
20223097,Qld,9,2022,Monday,09:00,Multiple,60,Motorcycle rider,Male,40_to_64
20222004,Vic,9,2022,Monday,14:05,Multiple,100,Driver,Male,40_to_64
20222073,Vic,9,2022,Tuesday,07:35,Multiple,60,Motorcycle rider,Male,40_to_64
20222106,Vic,9,2022,Monday,16:18,Multiple,100,Driver,Female,40_to_64
20222200,Vic,9,2022,Tuesday,10:25,Single,60,Motorcycle pillion passenger,Male,40_to_64
20222067,Vic,9,2022,Tuesday,13:57,Multiple,100,Driver,Male,40_to_64
20222178,Vic,9,2022,Sunday,20:09,Multiple,100,Driver,Female,17_to_25
20221023,NSW,9,2022,Sunday,03:30,Single,70,Passenger,Male,17_to_25
20223069,Qld,9,2022,Tuesday,10:00,Single,50,Passenger,Female,40_to_64
20223156,Qld,9,2022,Wednesday,15:00,Single,100,Driver,Female,40_to_64
20223183,Qld,9,2022,Wednesday,16:00,Multiple,100,Driver,Female,40_to_64
20225044,WA,9,2022,Tuesday,14:00,Single,40,Motorcycle rider,Male,40_to_64
20223123,Qld,9,2022,Monday,16:00,Multiple,80,Driver,Male,40_to_64
20221055,NSW,9,2022,Wednesday,15:55,Multiple,80,Motorcycle rider,Female,40_to_64
20221009,NSW,9,2022,Thursday,12:00,Multiple,80,Driver,Male,40_to_64
20225116,WA,9,2022,Friday,09:49,Single,110,Driver,Female,40_to_64
20221165,NSW,9,2022,Tuesday,19:50,Single,60,Passenger,Female,0_to_16
20222188,Vic,9,2022,Tuesday,10:00,Single,100,Driver,Male,40_to_64
20223130,Qld,9,2022,Monday,14:00,Single,100,Pedal cyclist,Male,65_to_74
20222183,Vic,9,2022,Thursday,09:00,Multiple,50,Pedal cyclist,Male,65_to_74
20223053,Qld,9,2022,Wednesday,18:00,Multiple,100,Motorcycle rider,Male,26_to_39
20224022,SA,9,2022,Wednesday,03:02,Single,60,Motorcycle rider,Male,26_to_39
20222193,Vic,9,2022,Thursday,03:46,Single,110,Driver,Male,26_to_39
20222187,Vic,9,2022,Tuesday,00:20,Multiple,80,Driver,Female,26_to_39
20221106,NSW,9,2022,Tuesday,12:10,Multiple,60,Driver,Female,75_or_older
20223187,Qld,9,2022,Friday,02:00,Single,60,Driver,Male,26_to_39
20221185,NSW,9,2022,Thursday,15:30,Single,50,Driver,Female,75_or_older
20224011,SA,9,2022,Thursday,12:35,Multiple,110,Driver,Female,75_or_older
20221201,NSW,9,2022,Tuesday,21:00,Single,100,Driver,Male,40_to_64
20221125,NSW,9,2022,Thursday,18:00,Single,80,Motorcycle rider,Male,40_to_64
20222203,Vic,9,2022,Thursday,18:55,Multiple,80,Motorcycle rider,Male,40_to_64
20225050,WA,9,2022,Tuesday,08:51,Single,50,Pedestrian,Male,75_or_older
20223200,Qld,9,2022,Wednesday,21:00,Single,60,Driver,Male,40_to_64
20221259,NSW,9,2022,Tuesday,08:35,Multiple,100,Passenger,Female,75_or_older
20221047,NSW,9,2022,Friday,15:45,Multiple,100,Passenger,Female,40_to_64
20221143,NSW,9,2022,Friday,12:15,Single,110,Passenger,Male,26_to_39
20223146,Qld,9,2022,Friday,06:00,Multiple,100,Driver,Male,17_to_25
20223208,Qld,9,2022,Friday,12:00,Multiple,60,Driver,Male,26_to_39
20225074,WA,9,2022,Friday,05:33,Single,110,Driver,Male,40_to_64
20222048,Vic,9,2022,Friday,16:15,Multiple,100,Motorcycle rider,Male,26_to_39
20227004,NT,9,2022,Sunday,02:20,Single,80,Pedestrian,Female,26_to_39
20222195,Vic,9,2022,Wednesday,22:05,Single,70,Motorcycle rider,Male,40_to_64
20223054,Qld,9,2022,Friday,19:00,Single,60,Pedestrian,Male,26_to_39
20222228,Vic,9,2022,Saturday,23:10,Single,50,Pedestrian,Male,26_to_39
20221254,NSW,9,2022,Friday,18:50,Single,80,Pedestrian,Male,26_to_39
20222148,Vic,9,2022,Wednesday,03:55,Single,70,Passenger,Male,65_to_74
20222072,Vic,9,2022,Sunday,02:14,Single,80,Pedestrian,Male,26_to_39
20221174,NSW,9,2022,Monday,05:45,Single,60,Pedestrian,Male,40_to_64
20221018,NSW,9,2022,Friday,04:15,Single,100,Driver,Male,65_to_74
20222028,Vic,9,2022,Saturday,13:37,Single,60,Pedestrian,Female,65_to_74
20222163,Vic,9,2022,Thursday,16:50,Single,50,Pedestrian,Male,0_to_16
20221206,NSW,9,2022,Friday,18:10,Single,100,Pedestrian,Female,75_or_older
20221024,NSW,9,2022,Friday,18:05,Single,80,Pedestrian,Male,75_or_older
20222059,Vic,9,2022,Friday,19:35,Single,60,Pedestrian,Female,75_or_older
20224049,SA,9,2022,Saturday,21:35,Single,80,Pedestrian,Male,17_to_25
20223251,Qld,9,2022,Tuesday,18:00,Single,80,Pedestrian,Male,26_to_39
20221011,NSW,9,2022,Monday,15:00,Single,50,Pedestrian,Female,75_or_older
20226042,Tas,9,2022,Friday,04:30,Single,80,Driver,Male,75_or_older
20225033,WA,9,2022,Monday,21:47,Single,80,Driver,Male,40_to_64
20223116,Qld,9,2022,Monday,18:00,Single,80,Driver,Female,26_to_39
20225090,WA,9,2022,Tuesday,00:30,Single,110,Motorcycle rider,Male,40_to_64
20222027,Vic,9,2022,Wednesday,01:06,Multiple,100,Pedestrian,Male,26_to_39
20221158,NSW,9,2022,Thursday,18:10,Multiple,110,Pedestrian,Male,26_to_39
20225021,WA,8,2022,Friday,23:44,Single,110,Driver,Female,17_to_25
20222117,Vic,8,2022,Friday,23:00,Single,100,Passenger,Male,0_to_16
20227001,NT,8,2022,Saturday,03:59,Single,90,Driver,Male,17_to_25
20225111,WA,8,2022,Saturday,04:02,Single,-9,Passenger,Male,17_to_25
20225130,WA,8,2022,Sunday,18:44,Single,110,Driver,Male,26_to_39
20221252,NSW,8,2022,Friday,22:15,Single,100,Driver,Female,17_to_25
20225086,WA,8,2022,Friday,22:25,Single,-9,Driver,Female,26_to_39
20222117,Vic,8,2022,Friday,23:00,Single,100,Driver,Male,17_to_25
20225082,WA,8,2022,Sunday,02:12,Single,50,Motorcycle rider,Male,40_to_64
20225076,WA,8,2022,Friday,19:28,Multiple,60,Driver,Male,40_to_64
20223042,Qld,8,2022,Sunday,23:00,Multiple,100,Passenger,Female,26_to_39
20223027,Qld,8,2022,Saturday,19:00,Single,60,Driver,Female,26_to_39
20225120,WA,8,2022,Thursday,02:24,Single,80,Motorcycle pillion passenger,Male,17_to_25
20225120,WA,8,2022,Thursday,02:24,Single,80,Motorcycle rider,Male,17_to_25
20223179,Qld,8,2022,Tuesday,00:00,Single,60,Driver,Male,17_to_25
20221099,NSW,8,2022,Saturday,18:00,Multiple,60,Motorcycle rider,Male,26_to_39
20223150,Qld,8,2022,Saturday,02:00,Single,60,Driver,Male,26_to_39
20227020,NT,8,2022,Tuesday,02:04,Single,100,Driver,Male,17_to_25
20222136,Vic,8,2022,Friday,20:20,Multiple,40,Driver,Female,26_to_39
20226044,Tas,8,2022,Monday,20:29,Single,60,Motorcycle rider,Male,26_to_39
20223191,Qld,8,2022,Tuesday,20:00,Multiple,100,Driver,Female,40_to_64
20227012,NT,8,2022,Monday,18:30,Single,130,Driver,Male,65_to_74
20227012,NT,8,2022,Monday,18:30,Single,130,Passenger,Female,65_to_74
20225086,WA,8,2022,Friday,22:25,Single,-9,Passenger,Male,40_to_64
20226040,Tas,8,2022,Saturday,17:10,Multiple,100,Passenger,Female,17_to_25
20225045,WA,8,2022,Sunday,07:15,Single,90,Driver,Female,17_to_25
20223181,Qld,8,2022,Saturday,17:00,Single,100,Passenger,Male,17_to_25
20223083,Qld,8,2022,Sunday,18:00,Multiple,60,Motorcycle rider,Male,40_to_64
20225056,WA,8,2022,Sunday,08:13,Single,110,Passenger,Female,26_to_39
20226040,Tas,8,2022,Saturday,17:10,Multiple,100,Passenger,Male,26_to_39
20226040,Tas,8,2022,Saturday,17:10,Multiple,100,Driver,Male,26_to_39
20224014,SA,8,2022,Sunday,20:57,Single,100,Driver,Male,40_to_64
20225099,WA,8,2022,Saturday,17:44,Single,110,Driver,Male,26_to_39
20222045,Vic,8,2022,Saturday,17:39,Multiple,80,Passenger,Female,26_to_39
20225056,WA,8,2022,Sunday,08:13,Single,110,Passenger,Female,40_to_64
20224042,SA,8,2022,Sunday,00:45,Single,110,Driver,Male,40_to_64
20221153,NSW,8,2022,Sunday,15:50,Multiple,80,Motorcycle rider,Male,40_to_64
20225084,WA,8,2022,Saturday,14:46,Multiple,110,Driver,Female,40_to_64
20222153,Vic,8,2022,Saturday,16:09,Multiple,100,Motorcycle rider,Male,40_to_64
20223190,Qld,8,2022,Saturday,09:00,Single,90,Motorcycle rider,Male,40_to_64
20224067,SA,8,2022,Saturday,13:23,Multiple,100,Driver,Female,65_to_74
20223268,Qld,8,2022,Sunday,13:00,Multiple,100,Motorcycle rider,Male,65_to_74
20223141,Qld,8,2022,Sunday,10:00,Multiple,100,Driver,Male,65_to_74
20221095,NSW,8,2022,Sunday,17:29,Single,100,Driver,Male,75_or_older
20221186,NSW,8,2022,Sunday,10:35,Multiple,50,Driver,Male,75_or_older
20222140,Vic,8,2022,Friday,07:00,Multiple,100,Driver,Female,17_to_25
20225037,WA,8,2022,Monday,09:00,Multiple,80,Motorcycle rider,Male,17_to_25
20221016,NSW,8,2022,Friday,15:05,Multiple,50,Motorcycle rider,Male,17_to_25
20222238,Vic,8,2022,Thursday,16:24,Multiple,100,Driver,Male,17_to_25
20222205,Vic,8,2022,Tuesday,12:05,Multiple,70,Driver,Male,26_to_39
20221101,NSW,8,2022,Wednesday,16:00,Single,100,Driver,Male,26_to_39
20223064,Qld,8,2022,Monday,07:00,Multiple,100,Driver,Female,26_to_39
20222222,Vic,8,2022,Wednesday,12:55,Multiple,100,Driver,Male,26_to_39
20223045,Qld,8,2022,Tuesday,10:00,Multiple,50,Motorcycle rider,Male,26_to_39
20221195,NSW,8,2022,Thursday,13:00,Multiple,100,Driver,Male,26_to_39
20223023,Qld,8,2022,Monday,11:00,Single,70,Motorcycle rider,Male,40_to_64
20223052,Qld,8,2022,Friday,11:00,Multiple,100,Passenger,Female,40_to_64
20223274,Qld,8,2022,Wednesday,13:00,Multiple,100,Driver,Female,40_to_64
20221102,NSW,8,2022,Friday,17:30,Single,100,Motorcycle rider,Male,40_to_64
20227002,NT,8,2022,Thursday,06:04,Single,130,Passenger,Female,26_to_39
20225114,WA,8,2022,Monday,08:56,Single,110,Motorcycle rider,Male,40_to_64
20222172,Vic,8,2022,Tuesday,15:30,Multiple,60,Driver,Male,40_to_64
20221036,NSW,8,2022,Tuesday,15:00,Single,100,Motorcycle rider,Male,40_to_64
20223105,Qld,8,2022,Thursday,12:00,Multiple,80,Passenger,Female,40_to_64
20222008,Vic,8,2022,Sunday,20:00,Single,80,Driver,Male,26_to_39
20227002,NT,8,2022,Thursday,06:04,Single,130,Other/-9,Male,40_to_64
20228007,ACT,8,2022,Monday,17:30,Multiple,80,Driver,Male,40_to_64
20223081,Qld,8,2022,Wednesday,11:00,Multiple,60,Motorcycle rider,Male,40_to_64
20222143,Vic,8,2022,Thursday,08:15,Multiple,100,Driver,Male,65_to_74
20223058,Qld,8,2022,Wednesday,22:00,Single,80,Driver,Male,17_to_25
20222056,Vic,8,2022,Monday,07:20,Multiple,100,Driver,Female,75_or_older
20227023,NT,8,2022,Thursday,10:08,Multiple,110,Driver,Male,75_or_older
20224068,SA,8,2022,Thursday,21:58,Multiple,70,Driver,Female,26_to_39
20222081,Vic,8,2022,Tuesday,01:29,Multiple,60,Passenger,Male,26_to_39
20223021,Qld,8,2022,Friday,07:00,Single,100,Driver,Male,75_or_older
20223012,Qld,8,2022,Wednesday,00:00,Single,100,Driver,Male,40_to_64
20221263,NSW,8,2022,Tuesday,15:30,Single,100,Driver,Male,75_or_older
20221056,NSW,8,2022,Friday,16:00,Multiple,90,Passenger,Male,75_or_older
20222119,Vic,8,2022,Tuesday,20:00,Multiple,60,Motorcycle rider,Male,40_to_64
20222221,Vic,8,2022,Monday,13:18,Multiple,60,Passenger,Female,75_or_older
20221052,NSW,8,2022,Monday,20:25,Multiple,50,Driver,Male,40_to_64
20222011,Vic,8,2022,Wednesday,15:00,Multiple,70,Driver,Female,75_or_older
20221260,NSW,8,2022,Monday,19:00,Multiple,70,Motorcycle rider,Male,40_to_64
20223052,Qld,8,2022,Friday,11:00,Multiple,100,Driver,Male,65_to_74
20225121,WA,8,2022,Tuesday,14:30,Single,110,Driver,Male,40_to_64
20222179,Vic,8,2022,Tuesday,18:42,Multiple,100,Driver,Male,40_to_64
20223220,Qld,8,2022,Wednesday,04:00,Multiple,100,Driver,Male,65_to_74
20221107,NSW,8,2022,Thursday,23:41,Multiple,50,Driver,Male,65_to_74
20223275,Qld,8,2022,Saturday,00:00,Single,100,Pedestrian,Female,40_to_64
20223025,Qld,8,2022,Sunday,08:00,Single,50,Pedestrian,Female,75_or_older
20224031,SA,8,2022,Thursday,12:40,Single,50,Pedestrian,Female,65_to_74
20222123,Vic,8,2022,Wednesday,16:42,Single,60,Pedestrian,Male,75_or_older
20223063,Qld,8,2022,Wednesday,03:00,Single,80,Driver,Female,17_to_25
20223182,Qld,8,2022,Tuesday,17:00,Single,60,Pedestrian,Male,0_to_16
20227030,NT,8,2022,Tuesday,03:30,Single,80,Pedestrian,Female,17_to_25
20227038,NT,7,2022,Sunday,22:00,Single,130,Passenger,Male,0_to_16
20223175,Qld,7,2022,Sunday,18:00,Multiple,100,Driver,Male,17_to_25
20221234,NSW,7,2022,Sunday,03:00,Single,80,Driver,Male,17_to_25
20222096,Vic,7,2022,Sunday,04:50,Single,50,Motorcycle rider,Male,17_to_25
20221086,NSW,7,2022,Saturday,01:50,Single,70,Motorcycle rider,Male,17_to_25
20222196,Vic,7,2022,Saturday,01:00,Single,100,Passenger,Male,17_to_25
20225019,WA,7,2022,Sunday,19:27,Single,60,Driver,Female,17_to_25
20226030,Tas,7,2022,Wednesday,19:26,Single,90,Driver,Female,17_to_25
20225051,WA,7,2022,Wednesday,22:00,Single,110,Driver,Male,26_to_39
20225078,WA,7,2022,Monday,22:00,Multiple,110,Driver,Male,40_to_64
20225128,WA,7,2022,Monday,18:21,Single,40,Pedestrian,Male,65_to_74
20221003,NSW,7,2022,Saturday,12:20,Single,100,Motorcycle rider,Male,17_to_25
20222192,Vic,7,2022,Friday,20:25,Multiple,80,Motorcycle rider,Male,40_to_64
20226029,Tas,7,2022,Sunday,00:28,Single,60,Driver,Male,40_to_64
20223155,Qld,7,2022,Sunday,16:00,Multiple,60,Motorcycle rider,Male,26_to_39
20225012,WA,7,2022,Saturday,16:07,Single,110,Passenger,Male,0_to_16
20222160,Vic,7,2022,Sunday,07:33,Single,100,Motorcycle rider,Male,26_to_39
20223232,Qld,7,2022,Sunday,14:00,Multiple,100,Driver,Male,40_to_64
20225060,WA,7,2022,Sunday,15:56,Single,110,Driver,Male,40_to_64
20222146,Vic,7,2022,Friday,23:20,Single,60,Driver,Male,40_to_64
20223068,Qld,7,2022,Saturday,08:00,Single,100,Driver,Male,65_to_74
20223254,Qld,7,2022,Sunday,17:00,Multiple,100,Driver,Male,75_or_older
20223061,Qld,7,2022,Sunday,09:00,Multiple,60,Motorcycle rider,Male,26_to_39
20222149,Vic,7,2022,Friday,14:15,Single,100,Driver,Female,17_to_25
20227029,NT,7,2022,Friday,16:30,Multiple,110,Passenger,Female,17_to_25
20221144,NSW,7,2022,Wednesday,14:30,Single,100,Passenger,Male,17_to_25
20222095,Vic,7,2022,Tuesday,10:35,Multiple,80,Passenger,Male,17_to_25
20223237,Qld,7,2022,Friday,15:00,Multiple,90,Driver,Male,17_to_25
20224019,SA,7,2022,Monday,06:44,Single,100,Driver,Female,26_to_39
20224034,SA,7,2022,Friday,12:30,Multiple,110,Driver,Female,26_to_39
20223259,Qld,7,2022,Tuesday,13:00,Single,70,Driver,Female,26_to_39
20223225,Qld,7,2022,Monday,11:00,Multiple,100,Driver,Male,40_to_64
20224024,SA,7,2022,Tuesday,06:50,Multiple,110,Driver,Male,40_to_64
20224046,SA,7,2022,Friday,16:45,Single,100,Passenger,Male,40_to_64
20223037,Qld,7,2022,Tuesday,15:00,Multiple,80,Driver,Female,40_to_64
20222046,Vic,7,2022,Wednesday,17:15,Multiple,50,Pedal cyclist,Male,40_to_64
20222051,Vic,7,2022,Thursday,08:05,Multiple,60,Driver,Female,40_to_64
20223160,Qld,7,2022,Friday,07:00,Multiple,60,Driver,Male,40_to_64
20225131,WA,7,2022,Friday,12:54,Multiple,110,Motorcycle rider,Male,40_to_64
20226028,Tas,7,2022,Thursday,16:50,Single,50,Motorcycle rider,Male,26_to_39
20223099,Qld,7,2022,Monday,12:00,Multiple,60,Pedal cyclist,Female,40_to_64
20222042,Vic,7,2022,Friday,16:51,Multiple,80,Motorcycle rider,Female,40_to_64
20222079,Vic,7,2022,Sunday,02:30,Single,100,Driver,Male,40_to_64
20225143,WA,7,2022,Friday,06:23,Single,60,Driver,Female,40_to_64
20224020,SA,7,2022,Saturday,03:30,Single,100,Driver,Female,17_to_25
20222058,Vic,7,2022,Friday,15:41,Multiple,100,Driver,Male,40_to_64
20223059,Qld,7,2022,Thursday,15:00,Single,60,Motorcycle rider,Male,65_to_74
20222176,Vic,7,2022,Wednesday,09:40,Multiple,80,Driver,Male,65_to_74
20225132,WA,7,2022,Tuesday,09:35,Single,110,Passenger,Female,65_to_74
20227029,NT,7,2022,Friday,16:30,Multiple,110,Passenger,Female,0_to_16
20221121,NSW,7,2022,Monday,18:30,Multiple,60,Driver,Male,26_to_39
20223180,Qld,7,2022,Wednesday,20:00,Single,60,Driver,Male,26_to_39
20223273,Qld,7,2022,Thursday,14:00,Multiple,70,Passenger,Female,75_or_older
20221090,NSW,7,2022,Wednesday,18:50,Single,60,Driver,Male,40_to_64
20225133,WA,7,2022,Tuesday,11:47,Single,60,Driver,Male,75_or_older
20222227,Vic,7,2022,Wednesday,14:28,Single,100,Driver,Male,75_or_older
20226039,Tas,7,2022,Friday,14:40,Multiple,80,Driver,Male,75_or_older
20223222,Qld,7,2022,Friday,05:00,Single,50,Driver,Male,40_to_64
20223161,Qld,7,2022,Thursday,14:00,Multiple,70,Passenger,Male,75_or_older
20223104,Qld,7,2022,Friday,11:00,Multiple,100,Driver,Male,75_or_older
20222182,Vic,7,2022,Monday,14:00,Single,100,Driver,Male,17_to_25
20221175,NSW,7,2022,Friday,12:05,Multiple,100,Motorcycle rider,Male,17_to_25
20223001,Qld,7,2022,Friday,04:00,Single,100,Driver,Male,40_to_64
20223247,Qld,7,2022,Thursday,19:00,Single,100,Motorcycle rider,Male,40_to_64
20222173,Vic,7,2022,Thursday,04:10,Single,80,Pedestrian,Female,40_to_64
20222078,Vic,7,2022,Tuesday,05:50,Multiple,80,Motorcycle rider,Male,65_to_74
20221197,NSW,7,2022,Sunday,23:29,Single,70,Pedestrian,Male,40_to_64
20221243,NSW,7,2022,Sunday,17:30,Single,80,Pedestrian,Male,75_or_older
20222181,Vic,7,2022,Saturday,12:01,Single,70,Pedestrian,Male,75_or_older
20221077,NSW,7,2022,Monday,05:50,Single,50,Pedestrian,Female,75_or_older
20227010,NT,7,2022,Friday,21:50,Single,80,Pedestrian,Male,40_to_64
20221160,NSW,7,2022,Thursday,10:30,Single,60,Pedestrian,Male,65_to_74
20222230,Vic,7,2022,Tuesday,07:02,Single,60,Pedestrian,Male,75_or_older
20221129,NSW,7,2022,Tuesday,22:10,Single,110,Pedestrian,Female,40_to_64
20223257,Qld,7,2022,Thursday,00:00,Single,100,Driver,Male,17_to_25
20222120,Vic,7,2022,Tuesday,10:40,Multiple,100,Pedestrian,Male,40_to_64
20222156,Vic,6,2022,Sunday,01:18,Multiple,80,Passenger,Male,17_to_25
20228011,ACT,6,2022,Saturday,22:05,Single,50,Driver,Female,17_to_25
20227028,NT,6,2022,Saturday,00:10,Single,80,Passenger,Male,17_to_25
20227032,NT,6,2022,Friday,21:30,Single,80,Driver,Female,40_to_64
20221152,NSW,6,2022,Saturday,00:20,Multiple,100,Driver,Male,26_to_39
20223014,Qld,6,2022,Saturday,00:00,Single,50,Passenger,Male,26_to_39
20223114,Qld,6,2022,Saturday,19:00,Single,100,Driver,Male,26_to_39
20223154,Qld,6,2022,Thursday,21:00,Single,70,Driver,Male,26_to_39
20222113,Vic,6,2022,Saturday,23:25,Multiple,70,Driver,Male,26_to_39
20227034,NT,6,2022,Tuesday,19:45,Multiple,110,Motorcycle rider,Male,40_to_64
20226033,Tas,6,2022,Tuesday,18:15,Multiple,80,Passenger,Male,0_to_16
20225085,WA,6,2022,Friday,18:47,Single,60,Pedestrian,Female,40_to_64
20225141,WA,6,2022,Saturday,13:28,Single,110,Passenger,Male,17_to_25
20225141,WA,6,2022,Saturday,13:28,Single,110,Driver,Male,17_to_25
20221229,NSW,6,2022,Saturday,13:08,Single,110,Passenger,Male,17_to_25
20222165,Vic,6,2022,Sunday,16:00,Single,40,Passenger,Male,17_to_25
20221124,NSW,6,2022,Saturday,07:50,Single,100,Driver,Female,17_to_25
20224058,SA,6,2022,Sunday,02:30,Single,80,Driver,Male,40_to_64
20225137,WA,6,2022,Saturday,14:55,Single,-9,Motorcycle rider,Male,26_to_39
20225148,WA,6,2022,Saturday,16:48,Single,110,Driver,Female,40_to_64
20222168,Vic,6,2022,Saturday,14:47,Multiple,50,Driver,Male,40_to_64
20222154,Vic,6,2022,Sunday,15:48,Multiple,100,Driver,Male,40_to_64
20223238,Qld,6,2022,Sunday,15:00,Single,110,Motorcycle rider,Male,40_to_64
20221130,NSW,6,2022,Sunday,13:30,Single,110,Driver,Female,65_to_74
20221070,NSW,6,2022,Sunday,10:38,Single,60,Motorcycle rider,Male,65_to_74
20221087,NSW,6,2022,Friday,18:45,Multiple,110,Motorcycle rider,Male,40_to_64
20224016,SA,6,2022,Sunday,06:09,Single,70,Driver,Male,75_or_older
20227005,NT,6,2022,Sunday,15:30,Single,110,Passenger,Female,0_to_16
20225144,WA,6,2022,Saturday,14:48,Single,110,Passenger,Female,17_to_25
20221004,NSW,6,2022,Friday,21:00,Single,100,Driver,Male,65_to_74
20221020,NSW,6,2022,Wednesday,12:10,Multiple,100,Passenger,Female,0_to_16
20225140,WA,6,2022,Friday,15:05,Multiple,70,Passenger,Male,0_to_16
20223016,Qld,6,2022,Monday,08:00,Single,100,Driver,Male,0_to_16
20223241,Qld,6,2022,Wednesday,12:00,Single,80,Passenger,Female,0_to_16
20223108,Qld,6,2022,Monday,16:00,Single,80,Driver,Male,17_to_25
20221020,NSW,6,2022,Wednesday,12:10,Multiple,100,Driver,Female,17_to_25
20225053,WA,6,2022,Monday,08:47,Single,70,Driver,Male,17_to_25
20223241,Qld,6,2022,Wednesday,12:00,Single,80,Driver,Female,17_to_25
20225061,WA,6,2022,Thursday,15:33,Single,60,Motorcycle rider,Male,26_to_39
20223124,Qld,6,2022,Thursday,10:00,Single,100,Motorcycle rider,Male,26_to_39
20225031,WA,6,2022,Thursday,17:17,Single,60,Pedestrian,Female,26_to_39
20223166,Qld,6,2022,Monday,16:00,Single,20,Passenger,Female,26_to_39
20222047,Vic,6,2022,Thursday,09:34,Single,100,Driver,Female,26_to_39
20222041,Vic,6,2022,Sunday,18:12,Single,70,Passenger,Female,-9
20225063,WA,6,2022,Wednesday,11:51,Single,110,Passenger,Female,40_to_64
20225063,WA,6,2022,Wednesday,11:51,Single,110,Passenger,Male,40_to_64
20223066,Qld,6,2022,Friday,14:00,Multiple,100,Driver,Male,40_to_64
20221128,NSW,6,2022,Wednesday,17:28,Multiple,100,Driver,Male,40_to_64
20223234,Qld,6,2022,Tuesday,15:00,Multiple,100,Driver,Male,40_to_64
20226016,Tas,6,2022,Monday,08:00,Single,100,Driver,Female,40_to_64
20222157,Vic,6,2022,Wednesday,13:35,Single,100,Driver,Male,40_to_64
20223093,Qld,6,2022,Wednesday,23:00,Single,80,Driver,Male,17_to_25
20221235,NSW,6,2022,Friday,12:00,Multiple,70,Driver,Male,65_to_74
20223094,Qld,6,2022,Wednesday,14:00,Multiple,100,Motorcycle rider,Male,65_to_74
20221128,NSW,6,2022,Wednesday,17:28,Multiple,100,Driver,Male,65_to_74
20227024,NT,6,2022,Monday,15:25,Single,110,Passenger,Male,65_to_74
20221103,NSW,6,2022,Thursday,11:15,Multiple,100,Pedal cyclist,Male,65_to_74
20222066,Vic,6,2022,Friday,14:45,Multiple,80,Driver,Male,65_to_74
20222037,Vic,6,2022,Thursday,03:54,Single,80,Driver,Male,26_to_39
20223121,Qld,6,2022,Thursday,12:00,Single,100,Driver,Male,75_or_older
20223151,Qld,6,2022,Tuesday,04:00,Multiple,100,Driver,Male,40_to_64
20225066,WA,6,2022,Friday,16:49,Single,60,Pedestrian,Male,75_or_older
20222076,Vic,6,2022,Thursday,09:40,Multiple,80,Driver,Female,75_or_older
20223022,Qld,6,2022,Monday,10:00,Single,60,Driver,Female,75_or_older
20225063,WA,6,2022,Wednesday,11:51,Single,110,Driver,Male,65_to_74
20221242,NSW,6,2022,Thursday,14:20,Single,50,Driver,Male,75_or_older
20223256,Qld,6,2022,Friday,14:00,Single,60,Passenger,Female,75_or_older
20223137,Qld,6,2022,Monday,09:00,Single,100,Driver,Male,40_to_64
20222103,Vic,6,2022,Monday,16:50,Multiple,100,Passenger,Female,17_to_25
20221128,NSW,6,2022,Wednesday,17:28,Multiple,100,Passenger,Male,0_to_16
20222099,Vic,6,2022,Thursday,08:00,Multiple,80,Motorcycle rider,Male,26_to_39
20223005,Qld,6,2022,Thursday,15:00,Single,60,Passenger,Male,0_to_16
20225079,WA,6,2022,Friday,08:42,Single,-9,Passenger,Female,0_to_16
20222009,Vic,6,2022,Thursday,00:50,Multiple,60,Driver,Male,65_to_74
20222102,Vic,6,2022,Friday,22:55,Single,40,Pedestrian,Male,40_to_64
20221247,NSW,6,2022,Saturday,15:50,Single,60,Pedestrian,Male,75_or_older
20226033,Tas,6,2022,Tuesday,18:15,Multiple,80,Driver,Female,65_to_74
20224025,SA,6,2022,Thursday,17:45,Single,110,Pedestrian,Male,26_to_39
20222107,Vic,6,2022,Monday,06:45,Single,60,Pedestrian,Male,40_to_64
20223009,Qld,6,2022,Thursday,10:00,Single,60,Pedestrian,Male,40_to_64
20221075,NSW,6,2022,Monday,10:00,Single,60,Pedestrian,Female,65_to_74
20221136,NSW,6,2022,Tuesday,14:25,Single,50,Pedestrian,Male,65_to_74
20222018,Vic,6,2022,Monday,10:50,Single,80,Pedestrian,Male,75_or_older
20222031,Vic,6,2022,Thursday,18:55,Single,70,Pedestrian,Male,40_to_64
20221105,NSW,6,2022,Thursday,10:12,Single,60,Pedestrian,Female,75_or_older
20222217,Vic,6,2022,Tuesday,02:00,Single,80,Pedestrian,Male,40_to_64
20224033,SA,6,2022,Monday,22:22,Single,80,Pedestrian,Female,75_or_older
20222226,Vic,6,2022,Tuesday,20:07,Single,50,Pedestrian,Male,75_or_older
20222092,Vic,6,2022,Thursday,18:30,Single,60,Pedestrian,Male,0_to_16
20224059,SA,6,2022,Tuesday,20:05,Single,100,Passenger,Male,0_to_16
20223270,Qld,6,2022,Thursday,06:00,Multiple,100,Pedestrian,Male,17_to_25
20221246,NSW,6,2022,Tuesday,06:20,Multiple,60,Pedestrian,Male,40_to_64
20222091,Vic,6,2022,Friday,08:18,Multiple,100,Pedestrian,Male,40_to_64
20223173,Qld,5,2022,Sunday,18:00,Multiple,100,Passenger,Male,0_to_16
20222138,Vic,5,2022,Monday,04:40,Single,100,Driver,Female,17_to_25
20223020,Qld,5,2022,Friday,18:00,Single,80,Driver,Male,17_to_25
20223048,Qld,5,2022,Saturday,18:00,Multiple,60,Motorcycle rider,Male,17_to_25
20223170,Qld,5,2022,Sunday,05:00,Multiple,80,Motorcycle rider,Male,17_to_25
20222184,Vic,5,2022,Saturday,21:00,Single,100,Passenger,Male,17_to_25
20221261,NSW,5,2022,Saturday,20:30,Single,100,Driver,Male,26_to_39
20228012,ACT,5,2022,Thursday,22:55,Multiple,80,Driver,Male,17_to_25
20227018,NT,5,2022,Wednesday,22:10,Single,80,Motorcycle rider,Male,17_to_25
20221212,NSW,5,2022,Sunday,22:15,Single,60,Driver,Male,26_to_39
20225020,WA,5,2022,Sunday,02:30,Single,60,Passenger,Female,26_to_39
20222194,Vic,5,2022,Tuesday,00:10,Multiple,110,Driver,Male,26_to_39
20226014,Tas,5,2022,Friday,19:10,Single,50,Motorcycle rider,Male,26_to_39
20227016,NT,5,2022,Monday,21:30,Single,110,Other/-9,Male,40_to_64
20222191,Vic,5,2022,Monday,00:58,Single,80,Other/-9,Female,26_to_39
20223210,Qld,5,2022,Friday,23:00,Single,60,Driver,Male,26_to_39
20225004,WA,5,2022,Sunday,13:12,Single,50,Pedal cyclist,Male,0_to_16
20223084,Qld,5,2022,Sunday,06:00,Multiple,100,Driver,Male,17_to_25
20224066,SA,5,2022,Sunday,13:53,Single,60,Driver,Male,17_to_25
20224066,SA,5,2022,Sunday,13:53,Single,60,Passenger,Male,17_to_25
20225043,WA,5,2022,Saturday,12:42,Single,110,Passenger,Female,0_to_16
20225088,WA,5,2022,Saturday,10:20,Single,110,Driver,Male,26_to_39
20228004,ACT,5,2022,Saturday,13:15,Single,80,Passenger,Female,26_to_39
20223111,Qld,5,2022,Saturday,17:00,Single,100,Driver,Male,26_to_39
20223084,Qld,5,2022,Sunday,06:00,Multiple,100,Driver,Male,26_to_39
20228015,ACT,5,2022,Saturday,21:20,Single,60,Passenger,Male,40_to_64
20222063,Vic,5,2022,Saturday,16:40,Multiple,100,Driver,Male,26_to_39
20223075,Qld,5,2022,Saturday,23:00,Single,100,Driver,Male,40_to_64
20221164,NSW,5,2022,Sunday,14:30,Single,80,Motorcycle rider,Male,65_to_74
20221082,NSW,5,2022,Sunday,10:00,Single,80,Driver,Female,65_to_74
20224004,SA,5,2022,Saturday,16:30,Single,60,Pedal cyclist,Male,65_to_74
20221126,NSW,5,2022,Sunday,08:30,Single,60,Driver,Male,75_or_older
20223031,Qld,5,2022,Sunday,11:00,Single,80,Driver,Male,75_or_older
20222003,Vic,5,2022,Sunday,16:55,Single,100,Driver,Male,65_to_74
20223055,Qld,5,2022,Sunday,07:00,Single,80,Motorcycle rider,Male,17_to_25
20226032,Tas,5,2022,Monday,12:55,Single,100,Passenger,Male,0_to_16
20226015,Tas,5,2022,Tuesday,16:45,Multiple,100,Passenger,Male,0_to_16
20223100,Qld,5,2022,Monday,14:00,Multiple,60,Passenger,Male,0_to_16
20228010,ACT,5,2022,Friday,17:20,Single,60,Driver,Male,17_to_25
20224054,SA,5,2022,Wednesday,10:55,Single,80,Driver,Male,17_to_25
20225054,WA,5,2022,Tuesday,08:34,Single,100,Driver,Male,26_to_39
20223077,Qld,5,2022,Monday,15:00,Single,80,Driver,Male,26_to_39
20222082,Vic,5,2022,Thursday,17:35,Single,100,Driver,Male,26_to_39
20223082,Qld,5,2022,Friday,06:00,Multiple,80,Motorcycle rider,Male,26_to_39
20223213,Qld,5,2022,Friday,17:00,Single,100,Driver,Male,26_to_39
20223115,Qld,5,2022,Thursday,15:00,Multiple,60,Motorcycle rider,Male,26_to_39
20223128,Qld,5,2022,Friday,07:00,Multiple,50,Driver,Male,40_to_64
20226009,Tas,5,2022,Friday,14:23,Single,100,Driver,Female,40_to_64
20222035,Vic,5,2022,Monday,08:38,Single,100,Driver,Female,40_to_64
20223223,Qld,5,2022,Tuesday,07:00,Multiple,100,Driver,Male,40_to_64
20225134,WA,5,2022,Sunday,,Single,50,Driver,Male,75_or_older
20223132,Qld,5,2022,Sunday,03:00,Single,70,Driver,Male,26_to_39
20223203,Qld,5,2022,Friday,16:00,Single,110,Motorcycle rider,Male,40_to_64
20223233,Qld,5,2022,Saturday,18:00,Single,100,Driver,Male,40_to_64
20227021,NT,5,2022,Friday,07:05,Single,130,Driver,Male,40_to_64
20226015,Tas,5,2022,Tuesday,16:45,Multiple,100,Driver,Female,40_to_64
20224047,SA,5,2022,Wednesday,11:45,Single,100,Motorcycle rider,Male,40_to_64
20222016,Vic,5,2022,Friday,07:52,Multiple,100,Driver,Female,40_to_64
20225024,WA,5,2022,Tuesday,06:50,Single,80,Driver,Male,40_to_64
20222093,Vic,5,2022,Tuesday,17:12,Multiple,40,Pedal cyclist,Female,40_to_64
20223213,Qld,5,2022,Friday,17:00,Single,100,Passenger,Female,40_to_64
20225059,WA,5,2022,Friday,08:45,Single,70,Driver,Male,40_to_64
20223240,Qld,5,2022,Tuesday,17:00,Single,100,Driver,Male,40_to_64
20221027,NSW,5,2022,Wednesday,12:45,Multiple,60,Driver,Male,40_to_64
20223162,Qld,5,2022,Thursday,16:00,Multiple,70,Motorcycle rider,Male,40_to_64
20221131,NSW,5,2022,Monday,13:10,Single,70,Driver,Male,65_to_74
20222036,Vic,5,2022,Wednesday,17:30,Multiple,80,Passenger,Female,65_to_74
20222015,Vic,5,2022,Monday,13:45,Multiple,100,Driver,Male,65_to_74
20225104,WA,5,2022,Friday,07:25,Single,60,Driver,Female,65_to_74
20221043,NSW,5,2022,Thursday,17:40,Multiple,110,Motorcycle rider,Male,65_to_74
20221250,NSW,5,2022,Wednesday,09:45,Single,80,Driver,Female,75_or_older
20222147,Vic,5,2022,Thursday,19:50,Multiple,50,Driver,Male,26_to_39
20226017,Tas,5,2022,Monday,10:30,Multiple,<40,Driver,Female,75_or_older
20223002,Qld,5,2022,Tuesday,12:00,Multiple,100,Driver,Female,75_or_older
20223091,Qld,5,2022,Tuesday,23:00,Multiple,70,Motorcycle rider,Male,26_to_39
20223007,Qld,5,2022,Wednesday,03:00,Single,100,Driver,Female,26_to_39
20221171,NSW,5,2022,Monday,12:35,Multiple,100,Driver,Male,75_or_older
20221110,NSW,5,2022,Wednesday,10:16,Single,100,Driver,Male,75_or_older
20221111,NSW,5,2022,Thursday,19:40,Multiple,100,Driver,Male,40_to_64
20221238,NSW,5,2022,Tuesday,07:11,Multiple,70,Driver,Male,75_or_older
20223071,Qld,5,2022,Thursday,11:00,Multiple,100,Driver,Male,75_or_older
20221120,NSW,5,2022,Monday,20:43,Multiple,110,Driver,Male,40_to_64
20224012,SA,5,2022,Wednesday,05:26,Multiple,60,Pedal cyclist,Male,40_to_64
20224002,SA,5,2022,Tuesday,17:36,Multiple,80,Motorcycle rider,Male,17_to_25
20221066,NSW,5,2022,Thursday,22:50,Single,100,Driver,Male,40_to_64
20223046,Qld,5,2022,Monday,22:00,Multiple,60,Driver,Male,40_to_64
20223136,Qld,5,2022,Friday,16:00,Multiple,100,Driver,Female,40_to_64
20223157,Qld,5,2022,Thursday,19:00,Multiple,80,Driver,Male,40_to_64
20223261,Qld,5,2022,Sunday,05:00,Single,80,Pedestrian,Male,26_to_39
20226012,Tas,5,2022,Thursday,21:10,Single,60,Pedestrian,Male,75_or_older
20223109,Qld,5,2022,Sunday,18:00,Single,50,Pedestrian,Male,40_to_64
20221062,NSW,5,2022,Sunday,15:00,Single,50,Pedestrian,Male,65_to_74
20221113,NSW,5,2022,Friday,12:39,Single,70,Pedestrian,Male,0_to_16
20226026,Tas,5,2022,Thursday,19:10,Multiple,80,Driver,Male,75_or_older
20227035,NT,5,2022,Tuesday,21:44,Single,60,Pedestrian,Female,17_to_25
20221205,NSW,5,2022,Wednesday,10:25,Single,50,Pedestrian,Male,65_to_74
20227036,NT,5,2022,Monday,21:30,Single,100,Pedestrian,Female,40_to_64
20221050,NSW,5,2022,Tuesday,10:10,Single,50,Pedestrian,Female,75_or_older
20223178,Qld,5,2022,Wednesday,05:00,Multiple,60,Motorcycle rider,Male,40_to_64
20225156,WA,5,2022,Wednesday,02:25,Single,60,Other/-9,Male,40_to_64
20221073,NSW,5,2022,Wednesday,18:50,Single,80,Pedestrian,Female,75_or_older
20221204,NSW,5,2022,Sunday,00:26,Multiple,100,Pedestrian,Male,17_to_25
20223167,Qld,5,2022,Saturday,16:00,Multiple,100,Pedestrian,Male,40_to_64
20222110,Vic,5,2022,Wednesday,12:20,Multiple,100,Pedestrian,Male,40_to_64
20221085,NSW,4,2022,Sunday,04:48,Single,80,Passenger,Male,0_to_16
20227019,NT,4,2022,Saturday,22:00,Single,100,Passenger,Male,17_to_25
20225048,WA,4,2022,Sunday,18:44,Single,110,Driver,Male,26_to_39
20223248,Qld,4,2022,Sunday,19:00,Single,110,Passenger,Male,17_to_25
20225135,WA,4,2022,Monday,01:14,Single,60,Driver,Male,26_to_39
20221013,NSW,4,2022,Friday,20:37,Single,100,Passenger,Male,17_to_25
20224009,SA,4,2022,Friday,20:06,Single,110,Driver,Male,26_to_39
20225093,WA,4,2022,Saturday,23:03,Single,60,Motorcycle rider,Male,26_to_39
20225065,WA,4,2022,Thursday,20:24,Single,100,Driver,Male,40_to_64
20225087,WA,4,2022,Thursday,05:15,Single,100,Driver,Male,40_to_64
20222185,Vic,4,2022,Sunday,19:11,Multiple,60,Motorcycle rider,Male,26_to_39
20223135,Qld,4,2022,Sunday,19:00,Single,50,Motorcycle rider,Male,26_to_39
20225058,WA,4,2022,Tuesday,05:23,Single,110,Driver,Male,40_to_64
20225036,WA,4,2022,Saturday,18:42,Single,100,Motorcycle rider,Male,40_to_64
20221168,NSW,4,2022,Monday,23:10,Single,100,Driver,Male,26_to_39
20223168,Qld,4,2022,Sunday,15:00,Multiple,100,Passenger,Male,17_to_25
20221006,NSW,4,2022,Saturday,09:38,Multiple,60,Driver,Male,17_to_25
20221059,NSW,4,2022,Saturday,08:50,Multiple,80,Driver,Male,17_to_25
20221064,NSW,4,2022,Saturday,17:05,Multiple,50,Motorcycle rider,Male,26_to_39
20225153,WA,4,2022,Saturday,09:54,Single,110,Driver,Male,17_to_25
20228014,ACT,4,2022,Sunday,06:05,Single,80,Driver,Male,26_to_39
20223129,Qld,4,2022,Sunday,13:00,Multiple,100,Motorcycle rider,Male,26_to_39
20223168,Qld,4,2022,Sunday,15:00,Multiple,100,Driver,Male,26_to_39
20227027,NT,4,2022,Sunday,06:04,Single,110,Driver,Male,26_to_39
20226020,Tas,4,2022,Saturday,16:30,Single,100,Driver,Female,40_to_64
20221065,NSW,4,2022,Saturday,06:18,Multiple,70,Driver,Male,40_to_64
20223080,Qld,4,2022,Saturday,11:00,Single,60,Driver,Female,40_to_64
20221068,NSW,4,2022,Saturday,13:50,Single,80,Motorcycle rider,Male,40_to_64
20224038,SA,4,2022,Saturday,16:48,Multiple,90,Motorcycle rider,Male,40_to_64
20224005,SA,4,2022,Sunday,15:30,Single,110,Driver,Male,40_to_64
20222202,Vic,4,2022,Sunday,16:05,Single,100,Passenger,Female,40_to_64
20223262,Qld,4,2022,Sunday,08:00,Single,80,Motorcycle rider,Male,65_to_74
20222216,Vic,4,2022,Saturday,17:35,Multiple,80,Motorcycle rider,Male,65_to_74
20225023,WA,4,2022,Saturday,15:09,Single,80,Passenger,Female,65_to_74
20221256,NSW,4,2022,Saturday,11:27,Single,60,Pedal cyclist,Male,75_or_older
20226003,Tas,4,2022,Sunday,11:05,Single,50,Driver,Male,75_or_older
20225023,WA,4,2022,Saturday,15:09,Single,80,Driver,Male,17_to_25
20222139,Vic,4,2022,Monday,05:35,Multiple,100,Driver,Male,65_to_74
20223269,Qld,4,2022,Wednesday,17:00,Multiple,100,Passenger,Female,17_to_25
20223269,Qld,4,2022,Wednesday,17:00,Multiple,100,Passenger,Female,17_to_25
20223269,Qld,4,2022,Wednesday,17:00,Multiple,100,Driver,Female,17_to_25
20223144,Qld,4,2022,Monday,10:00,Multiple,100,Motorcycle pillion passenger,Female,17_to_25
20222017,Vic,4,2022,Wednesday,09:30,Multiple,70,Motorcycle rider,Male,26_to_39
20222071,Vic,4,2022,Friday,15:40,Single,60,Motorcycle rider,Male,26_to_39
20226038,Tas,4,2022,Thursday,17:22,Single,50,Motorcycle rider,Male,26_to_39
20222235,Vic,4,2022,Friday,12:52,Single,80,Motorcycle rider,Male,26_to_39
20221039,NSW,4,2022,Tuesday,16:00,Single,100,Driver,Male,26_to_39
20223269,Qld,4,2022,Wednesday,17:00,Multiple,100,Passenger,Female,26_to_39
20224032,SA,4,2022,Tuesday,08:00,Single,60,Driver,Male,26_to_39
20223033,Qld,4,2022,Friday,12:00,Multiple,60,Motorcycle rider,Male,26_to_39
20221116,NSW,4,2022,Thursday,14:40,Single,60,Motorcycle rider,Male,26_to_39
20221154,NSW,4,2022,Monday,08:20,Single,110,Driver,Male,40_to_64
20225105,WA,4,2022,Friday,15:10,Single,110,Driver,Female,26_to_39
20221094,NSW,4,2022,Monday,14:10,Multiple,100,Driver,Female,40_to_64
20225034,WA,4,2022,Tuesday,06:16,Multiple,70,Pedestrian,Male,40_to_64
20226018,Tas,4,2022,Monday,06:30,Single,50,Driver,Female,40_to_64
20222204,Vic,4,2022,Sunday,01:50,Single,100,Passenger,Female,17_to_25
20222214,Vic,4,2022,Friday,21:56,Multiple,100,Driver,Female,17_to_25
20222214,Vic,4,2022,Friday,21:56,Multiple,100,Driver,Male,17_to_25
20221228,NSW,4,2022,Monday,04:10,Single,50,Passenger,Male,17_to_25
20225014,WA,4,2022,Wednesday,17:37,Single,110,Driver,Male,40_to_64
20222111,Vic,4,2022,Monday,04:30,Single,100,Driver,Male,17_to_25
20225069,WA,4,2022,Friday,10:40,Single,110,Driver,Male,40_to_64
20223144,Qld,4,2022,Monday,10:00,Multiple,100,Motorcycle rider,Male,40_to_64
20225075,WA,4,2022,Tuesday,17:09,Single,50,Motorcycle rider,Male,65_to_74
20221257,NSW,4,2022,Friday,06:30,Single,80,Pedal cyclist,Male,65_to_74
20226036,Tas,4,2022,Thursday,18:17,Multiple,60,Motorcycle rider,Male,17_to_25
20223070,Qld,4,2022,Friday,00:00,Single,60,Driver,Male,26_to_39
20224044,SA,4,2022,Thursday,04:20,Single,50,Motorcycle rider,Male,26_to_39
20226034,Tas,4,2022,Thursday,16:00,Single,100,Driver,Male,75_or_older
20222180,Vic,4,2022,Tuesday,11:14,Single,80,Driver,Male,75_or_older
20221219,NSW,4,2022,Thursday,09:30,Multiple,100,Passenger,Female,75_or_older
20221219,NSW,4,2022,Thursday,09:30,Multiple,100,Driver,Male,75_or_older
20221200,NSW,4,2022,Friday,01:30,Single,60,Motorcycle rider,Male,40_to_64
20222130,Vic,4,2022,Tuesday,13:18,Multiple,60,Pedal cyclist,Male,40_to_64
20224052,SA,4,2022,Friday,12:58,Multiple,60,Driver,Male,75_or_older
20221189,NSW,4,2022,Friday,11:10,Single,100,Motorcycle rider,Male,65_to_74
20221149,NSW,4,2022,Saturday,18:05,Single,100,Pedestrian,Male,26_to_39
20227031,NT,4,2022,Friday,04:00,Single,130,Pedestrian,Male,17_to_25
20222087,Vic,4,2022,Sunday,09:00,Single,50,Pedestrian,Male,65_to_74
20223177,Qld,4,2022,Saturday,02:00,Single,50,Pedestrian,Male,40_to_64
20222104,Vic,4,2022,Sunday,09:25,Single,50,Pedestrian,Male,75_or_older
20226007,Tas,4,2022,Monday,18:30,Multiple,80,Driver,Female,65_to_74
20223102,Qld,4,2022,Thursday,15:00,Single,60,Pedestrian,Male,17_to_25
20223102,Qld,4,2022,Thursday,15:00,Single,60,Pedestrian,Male,17_to_25
20224065,SA,4,2022,Thursday,20:13,Multiple,110,Driver,Male,75_or_older
20224063,SA,4,2022,Tuesday,15:05,Single,50,Pedestrian,Male,40_to_64
20222162,Vic,4,2022,Tuesday,19:47,Single,80,Pedestrian,Female,0_to_16
20221022,NSW,4,2022,Thursday,18:40,Multiple,60,Driver,Male,75_or_older
20222237,Vic,4,2022,Thursday,23:15,Single,60,Pedestrian,Male,26_to_39
20224018,SA,4,2022,Wednesday,19:22,Single,110,Driver,Male,75_or_older
20222075,Vic,4,2022,Thursday,12:20,Single,60,Pedestrian,Male,75_or_older
20227009,NT,4,2022,Thursday,21:53,Single,60,Pedestrian,Male,40_to_64
20225047,WA,4,2022,Wednesday,00:46,Single,90,Driver,Male,-9
20221142,NSW,4,2022,Thursday,03:00,Single,100,Passenger,Male,0_to_16
20221142,NSW,4,2022,Thursday,03:00,Single,100,Passenger,Male,0_to_16
20222064,Vic,4,2022,Monday,19:56,Single,60,Pedestrian,Female,40_to_64
20228003,ACT,4,2022,Friday,04:20,Single,50,Pedestrian,Female,40_to_64
20221202,NSW,4,2022,Tuesday,21:20,Single,70,Motorcycle rider,Male,17_to_25
20221224,NSW,4,2022,Tuesday,20:40,Multiple,70,Passenger,Female,0_to_16
20221080,NSW,4,2022,Saturday,05:02,Multiple,100,Pedestrian,Male,40_to_64
20221155,NSW,4,2022,Wednesday,16:02,Multiple,40,Pedestrian,Female,75_or_older
20224027,SA,3,2022,Saturday,21:05,Single,50,Passenger,Male,0_to_16
20225042,WA,3,2022,Sunday,03:32,Multiple,110,Driver,Male,17_to_25
20224050,SA,3,2022,Sunday,19:00,Multiple,110,Driver,Female,17_to_25
20226043,Tas,3,2022,Friday,21:45,Single,100,Driver,Male,17_to_25
20227037,NT,3,2022,Saturday,20:47,Single,100,Driver,Male,17_to_25
20225016,WA,3,2022,Saturday,03:09,Single,70,Pedestrian,Male,26_to_39
20225138,WA,3,2022,Sunday,18:36,Single,100,Driver,Male,26_to_39
20227039,NT,3,2022,Saturday,21:17,Multiple,80,Driver,Male,26_to_39
20227003,NT,3,2022,Saturday,03:00,Single,130,Driver,Male,26_to_39
20223040,Qld,3,2022,Sunday,23:00,Single,100,Driver,Male,17_to_25
20221227,NSW,3,2022,Saturday,20:30,Multiple,100,Passenger,Male,17_to_25
20225003,WA,3,2022,Saturday,18:52,Multiple,60,Pedestrian,Male,40_to_64
20225006,WA,3,2022,Monday,00:30,Single,90,Driver,Male,26_to_39
20223260,Qld,3,2022,Sunday,20:00,Multiple,100,Passenger,Female,26_to_39
20225017,WA,3,2022,Friday,19:38,Multiple,60,Driver,Female,75_or_older
20226043,Tas,3,2022,Friday,21:45,Single,100,Passenger,Male,26_to_39
20221230,NSW,3,2022,Saturday,22:00,Single,100,Driver,Male,26_to_39
20221019,NSW,3,2022,Wednesday,22:30,Single,70,Motorcycle rider,Male,17_to_25
20221072,NSW,3,2022,Sunday,23:46,Multiple,70,Passenger,Male,26_to_39
20221156,NSW,3,2022,Sunday,00:54,Single,110,Driver,Male,26_to_39
20225107,WA,3,2022,Thursday,22:00,Single,110,Driver,Male,26_to_39
20222201,Vic,3,2022,Friday,00:00,Single,60,Driver,Male,40_to_64
20225013,WA,3,2022,Wednesday,04:17,Single,70,Driver,Female,40_to_64
20221226,NSW,3,2022,Sunday,05:35,Multiple,100,Driver,Female,26_to_39
20222236,Vic,3,2022,Monday,19:00,Multiple,80,Motorcycle rider,Male,17_to_25
20221150,NSW,3,2022,Wednesday,05:20,Multiple,100,Driver,Male,17_to_25
20223153,Qld,3,2022,Sunday,07:00,Multiple,100,Driver,Female,17_to_25
20225092,WA,3,2022,Saturday,06:00,Single,110,Driver,Male,26_to_39
20225042,WA,3,2022,Sunday,03:32,Multiple,110,Driver,Male,40_to_64
20222089,Vic,3,2022,Sunday,13:17,Multiple,60,Driver,Female,26_to_39
20223272,Qld,3,2022,Saturday,17:00,Multiple,60,Motorcycle rider,Male,26_to_39
20221220,NSW,3,2022,Sunday,11:10,Multiple,70,Passenger,Female,40_to_64
20222052,Vic,3,2022,Saturday,10:15,Multiple,100,Pedal cyclist,Male,40_to_64
20222094,Vic,3,2022,Saturday,12:19,Single,80,Motorcycle rider,Male,40_to_64
20222141,Vic,3,2022,Monday,05:00,Single,100,Driver,Male,40_to_64
20225152,WA,3,2022,Sunday,15:30,Single,110,Driver,Male,65_to_74
20225146,WA,3,2022,Sunday,07:22,Single,110,Driver,Male,65_to_74
20223165,Qld,3,2022,Sunday,16:00,Single,60,Driver,Male,65_to_74
20223255,Qld,3,2022,Tuesday,14:00,Single,100,Driver,Male,0_to_16
20223196,Qld,3,2022,Thursday,15:00,Single,50,Motorcycle rider,Male,17_to_25
20221054,NSW,3,2022,Saturday,19:20,Single,50,Driver,Male,65_to_74
20225017,WA,3,2022,Friday,19:38,Multiple,60,Passenger,Male,75_or_older
20223006,Qld,3,2022,Monday,17:00,Multiple,100,Driver,Female,17_to_25
20223011,Qld,3,2022,Tuesday,17:00,Single,100,Driver,Male,17_to_25
20221048,NSW,3,2022,Wednesday,12:45,Single,100,Driver,Female,17_to_25
20221225,NSW,3,2022,Tuesday,06:50,Single,90,Driver,Male,26_to_39
20222144,Vic,3,2022,Friday,13:05,Multiple,60,Motorcycle rider,Male,26_to_39
20223074,Qld,3,2022,Monday,08:00,Single,100,Passenger,Male,26_to_39
20223227,Qld,3,2022,Wednesday,17:00,Single,50,Motorcycle pillion passenger,Female,26_to_39
20221180,NSW,3,2022,Thursday,13:30,Multiple,110,Driver,Female,26_to_39
20223050,Qld,3,2022,Friday,15:00,Single,80,Motorcycle rider,Male,26_to_39
20226037,Tas,3,2022,Wednesday,14:57,Multiple,100,Motorcycle rider,Male,26_to_39
20222005,Vic,3,2022,Wednesday,12:46,Multiple,100,Driver,Male,26_to_39
20221223,NSW,3,2022,Friday,09:13,Multiple,80,Driver,Female,40_to_64
20221245,NSW,3,2022,Tuesday,13:20,Single,70,Driver,Male,40_to_64
20221180,NSW,3,2022,Thursday,13:30,Multiple,110,Motorcycle rider,Male,40_to_64
20221104,NSW,3,2022,Friday,08:37,Multiple,100,Driver,Male,40_to_64
20221072,NSW,3,2022,Sunday,23:46,Multiple,70,Driver,Female,65_to_74
20222098,Vic,3,2022,Wednesday,11:10,Single,100,Driver,Male,40_to_64
20226027,Tas,3,2022,Tuesday,16:20,Multiple,70,Passenger,Female,40_to_64
20222062,Vic,3,2022,Friday,13:30,Single,100,Other/-9,Male,40_to_64
20222209,Vic,3,2022,Thursday,23:05,Single,-9,Driver,Female,17_to_25
20224064,SA,3,2022,Friday,09:30,Multiple,80,Motorcycle rider,Male,65_to_74
20221146,NSW,3,2022,Tuesday,14:00,Multiple,70,Driver,Male,65_to_74
20223159,Qld,3,2022,Monday,12:00,Multiple,60,Driver,Male,65_to_74
20221034,NSW,3,2022,Friday,08:30,Multiple,80,Pedal cyclist,Female,65_to_74
20223258,Qld,3,2022,Thursday,16:00,Multiple,100,Driver,Male,65_to_74
20221005,NSW,3,2022,Friday,12:10,Single,100,Driver,Male,65_to_74
20223028,Qld,3,2022,Monday,21:00,Single,60,Driver,Male,26_to_39
20225119,WA,3,2022,Friday,17:57,Multiple,110,Driver,Male,40_to_64
20223092,Qld,3,2022,Thursday,05:00,Multiple,100,Motorcycle rider,Male,26_to_39
20225122,WA,3,2022,Thursday,00:25,Multiple,50,Pedestrian,Female,26_to_39
20222169,Vic,3,2022,Thursday,00:15,Multiple,70,Driver,Male,26_to_39
20221063,NSW,3,2022,Monday,11:48,Multiple,100,Passenger,Female,75_or_older
20221169,NSW,3,2022,Monday,16:30,Multiple,80,Passenger,Female,75_or_older
20223036,Qld,3,2022,Monday,09:00,Multiple,100,Driver,Male,75_or_older
20222198,Vic,3,2022,Friday,13:47,Multiple,100,Driver,Male,75_or_older
20224053,SA,3,2022,Thursday,14:01,Multiple,60,Driver,Male,75_or_older
20222050,Vic,3,2022,Thursday,14:30,Single,100,Passenger,Female,75_or_older
20223133,Qld,3,2022,Thursday,01:00,Single,40,Driver,Male,40_to_64
20226005,Tas,3,2022,Tuesday,11:47,Single,100,Motorcycle rider,Male,65_to_74
20221188,NSW,3,2022,Tuesday,04:15,Single,100,Driver,Male,40_to_64
20224013,SA,3,2022,Monday,12:01,Single,60,Motorcycle rider,Male,40_to_64
20223164,Qld,3,2022,Wednesday,20:00,Multiple,100,Driver,Female,40_to_64
20221135,NSW,3,2022,Sunday,15:25,Single,60,Pedestrian,Male,75_or_older
20222135,Vic,3,2022,Friday,23:15,Single,60,Pedestrian,Female,40_to_64
20221001,NSW,3,2022,Thursday,20:26,Single,60,Pedestrian,Female,17_to_25
20223214,Qld,3,2022,Tuesday,07:00,Single,50,Pedestrian,Male,75_or_older
20221049,NSW,3,2022,Wednesday,05:15,Single,50,Pedestrian,Female,40_to_64
20222101,Vic,3,2022,Thursday,20:35,Single,60,Pedestrian,Male,65_to_74
20223236,Qld,3,2022,Wednesday,18:00,Single,60,Pedestrian,Male,75_or_older
20221183,NSW,3,2022,Wednesday,21:45,Multiple,60,Motorcycle rider,Male,26_to_39
20222088,Vic,3,2022,Wednesday,19:55,Multiple,100,Motorcycle rider,Male,17_to_25
20226002,Tas,3,2022,Friday,06:24,Multiple,110,Pedestrian,Male,40_to_64
20221040,NSW,3,2022,Monday,06:50,Multiple,50,Pedestrian,Female,40_to_64
20225052,WA,2,2022,Sunday,03:00,Single,110,Passenger,Male,0_to_16
20223211,Qld,2,2022,Monday,01:00,Single,60,Passenger,Male,0_to_16
20225052,WA,2,2022,Sunday,03:00,Single,110,Driver,Male,17_to_25
20223206,Qld,2,2022,Saturday,23:00,Single,100,Passenger,Male,17_to_25
20222108,Vic,2,2022,Saturday,20:30,Multiple,50,Motorcycle rider,Male,17_to_25
20227025,NT,2,2022,Saturday,18:44,Single,70,Passenger,Male,26_to_39
20227025,NT,2,2022,Saturday,18:44,Single,70,Passenger,Male,26_to_39
20227025,NT,2,2022,Saturday,18:44,Single,70,Driver,Male,26_to_39
20227025,NT,2,2022,Saturday,18:44,Single,70,Passenger,Male,26_to_39
20223163,Qld,2,2022,Sunday,00:00,Single,100,Passenger,Male,17_to_25
20221015,NSW,2,2022,Saturday,21:10,Multiple,80,Passenger,Male,17_to_25
20225068,WA,2,2022,Sunday,01:44,Multiple,80,Other/-9,Male,0_to_16
20227017,NT,2,2022,Friday,00:10,Single,100,Driver,Male,17_to_25
20224056,SA,2,2022,Tuesday,03:30,Single,110,Driver,Male,17_to_25
20222166,Vic,2,2022,Saturday,23:46,Single,100,Driver,Male,26_to_39
20223008,Qld,2,2022,Sunday,03:00,Single,60,Driver,Male,26_to_39
20225151,WA,2,2022,Thursday,05:37,Multiple,110,Driver,Male,26_to_39
20223004,Qld,2,2022,Friday,00:00,Single,60,Driver,Male,17_to_25
20221021,NSW,2,2022,Friday,00:07,Single,60,Motorcycle pillion passenger,Male,26_to_39
20221041,NSW,2,2022,Saturday,07:30,Multiple,50,Motorcycle rider,Male,0_to_16
20223245,Qld,2,2022,Sunday,12:00,Multiple,70,Passenger,Male,17_to_25
20224021,SA,2,2022,Sunday,13:00,Single,100,Driver,Female,17_to_25
20221244,NSW,2,2022,Saturday,16:30,Multiple,80,Motorcycle rider,Male,17_to_25
20224006,SA,2,2022,Saturday,21:45,Single,80,Driver,Male,40_to_64
20224062,SA,2,2022,Sunday,06:50,Single,100,Driver,Male,17_to_25
20221081,NSW,2,2022,Sunday,14:27,Single,50,Driver,Female,17_to_25
20221044,NSW,2,2022,Sunday,03:50,Single,80,Driver,Male,40_to_64
20223049,Qld,2,2022,Sunday,16:00,Single,60,Driver,Female,26_to_39
20224043,SA,2,2022,Sunday,11:35,Single,100,Driver,Male,26_to_39
20223174,Qld,2,2022,Sunday,20:00,Single,60,Driver,Female,40_to_64
20221177,NSW,2,2022,Sunday,19:58,Multiple,80,Driver,Male,40_to_64
20223096,Qld,2,2022,Saturday,16:00,Multiple,50,Motorcycle rider,Male,26_to_39
20221089,NSW,2,2022,Saturday,12:11,Single,100,Driver,Male,26_to_39
20225126,WA,2,2022,Saturday,11:26,Multiple,90,Motorcycle rider,Male,26_to_39
20222161,Vic,2,2022,Sunday,16:57,Multiple,100,Driver,Female,40_to_64
20223087,Qld,2,2022,Saturday,14:00,Single,70,Driver,Male,40_to_64
20222231,Vic,2,2022,Sunday,22:45,Multiple,100,Driver,Male,40_to_64
20222186,Vic,2,2022,Sunday,14:53,Single,60,Motorcycle rider,Male,40_to_64
20221098,NSW,2,2022,Saturday,18:56,Multiple,80,Driver,Male,40_to_64
20221221,NSW,2,2022,Saturday,16:15,Multiple,80,Motorcycle rider,Male,40_to_64
20222122,Vic,2,2022,Sunday,14:31,Multiple,80,Motorcycle rider,Male,40_to_64
20222233,Vic,2,2022,Saturday,15:00,Multiple,50,Motorcycle rider,Male,40_to_64
20223038,Qld,2,2022,Friday,20:00,Single,60,Passenger,Female,40_to_64
20223219,Qld,2,2022,Saturday,16:00,Multiple,100,Motorcycle rider,Male,40_to_64
20222219,Vic,2,2022,Saturday,08:29,Multiple,100,Pedal cyclist,Male,40_to_64
20223010,Qld,2,2022,Monday,03:00,Single,60,Driver,Male,40_to_64
20223217,Qld,2,2022,Friday,21:00,Multiple,100,Driver,Male,40_to_64
20227026,NT,2,2022,Saturday,21:30,Multiple,90,Driver,Male,65_to_74
20221162,NSW,2,2022,Sunday,16:10,Multiple,100,Driver,Male,75_or_older
20221262,NSW,2,2022,Sunday,16:20,Multiple,110,Driver,Male,65_to_74
20222083,Vic,2,2022,Saturday,09:11,Multiple,70,Motorcycle rider,Male,26_to_39
20221098,NSW,2,2022,Saturday,18:56,Multiple,80,Driver,Male,65_to_74
20222206,Vic,2,2022,Thursday,17:17,Multiple,80,Motorcycle rider,Male,17_to_25
20223197,Qld,2,2022,Tuesday,11:00,Single,70,Driver,Male,17_to_25
20223113,Qld,2,2022,Sunday,21:00,Single,100,Driver,Male,75_or_older
20222105,Vic,2,2022,Thursday,13:50,Single,40,Motorcycle rider,Male,17_to_25
20223131,Qld,2,2022,Tuesday,16:00,Multiple,60,Motorcycle rider,Male,26_to_39
20222234,Vic,2,2022,Wednesday,06:50,Multiple,60,Motorcycle rider,Male,26_to_39
20223088,Qld,2,2022,Wednesday,13:00,Multiple,50,Motorcycle rider,Male,26_to_39
20222167,Vic,2,2022,Friday,11:39,Single,60,Driver,Female,26_to_39
20221141,NSW,2,2022,Monday,13:10,Single,100,Driver,Male,40_to_64
20221029,NSW,2,2022,Wednesday,16:16,Multiple,80,Driver,Male,40_to_64
20221060,NSW,2,2022,Tuesday,15:20,Multiple,100,Driver,Female,40_to_64
20224048,SA,2,2022,Tuesday,09:38,Multiple,100,Driver,Female,40_to_64
20222199,Vic,2,2022,Wednesday,07:00,Multiple,100,Driver,Female,40_to_64
20222032,Vic,2,2022,Friday,13:40,Single,100,Motorcycle rider,Female,40_to_64
20223057,Qld,2,2022,Friday,06:00,Single,50,Driver,Male,40_to_64
20225118,WA,2,2022,Tuesday,17:26,Multiple,110,Driver,Male,40_to_64
20221079,NSW,2,2022,Tuesday,10:20,Multiple,50,Motorcycle rider,Male,40_to_64
20222207,Vic,2,2022,Thursday,12:30,Single,100,Motorcycle rider,Male,40_to_64
20223072,Qld,2,2022,Friday,15:00,Single,100,Motorcycle rider,Male,40_to_64
20223140,Qld,2,2022,Tuesday,07:00,Multiple,100,Driver,Male,40_to_64
20223140,Qld,2,2022,Tuesday,07:00,Multiple,100,Driver,Male,40_to_64
20223152,Qld,2,2022,Wednesday,15:00,Multiple,100,Driver,Female,40_to_64
20222007,Vic,2,2022,Tuesday,12:04,Multiple,100,Driver,Male,40_to_64
20226031,Tas,2,2022,Thursday,07:11,Single,100,Driver,Male,40_to_64
20223198,Qld,2,2022,Monday,16:00,Single,60,Motorcycle rider,Male,40_to_64
20221140,NSW,2,2022,Tuesday,15:15,Single,110,Motorcycle rider,Male,65_to_74
20222116,Vic,2,2022,Monday,21:20,Single,100,Driver,Male,17_to_25
20223148,Qld,2,2022,Wednesday,09:00,Single,110,Passenger,Female,65_to_74
20221100,NSW,2,2022,Thursday,16:40,Single,100,Driver,Female,65_to_74
20222115,Vic,2,2022,Tuesday,06:30,Multiple,50,Driver,Female,65_to_74
20223118,Qld,2,2022,Thursday,14:00,Multiple,50,Motorcycle rider,Male,65_to_74
20226006,Tas,2,2022,Tuesday,06:25,Multiple,40,Pedal cyclist,Male,40_to_64
20221173,NSW,2,2022,Monday,19:00,Multiple,100,Driver,Male,26_to_39
20225070,WA,2,2022,Wednesday,08:49,Single,50,Driver,Female,75_or_older
20222114,Vic,2,2022,Tuesday,13:10,Multiple,80,Pedal cyclist,Male,75_or_older
20223039,Qld,2,2022,Wednesday,23:00,Single,100,Driver,Male,40_to_64
20223195,Qld,2,2022,Wednesday,04:00,Single,60,Driver,Female,40_to_64
20223192,Qld,2,2022,Thursday,12:00,Multiple,50,Motorcycle rider,Male,75_or_older
20222151,Vic,2,2022,Tuesday,06:24,Multiple,100,Driver,Male,17_to_25
20223148,Qld,2,2022,Wednesday,09:00,Single,110,Driver,Male,40_to_64
20221241,NSW,2,2022,Thursday,21:24,Single,60,Driver,Male,40_to_64
20226035,Tas,2,2022,Thursday,15:56,Single,80,Motorcycle rider,Male,26_to_39
20223013,Qld,2,2022,Friday,22:00,Single,50,Pedestrian,Female,0_to_16
20221139,NSW,2,2022,Sunday,04:20,Single,80,Pedestrian,Male,17_to_25
20223252,Qld,2,2022,Wednesday,01:00,Single,100,Motorcycle rider,Male,40_to_64
20228001,ACT,2,2022,Sunday,23:00,Single,80,Pedestrian,Male,26_to_39
20224055,SA,2,2022,Saturday,19:21,Single,60,Pedestrian,Male,40_to_64
20223149,Qld,2,2022,Saturday,08:00,Single,60,Pedestrian,Male,75_or_older
20222054,Vic,2,2022,Wednesday,18:00,Single,100,Passenger,Male,65_to_74
20222019,Vic,2,2022,Saturday,16:02,Single,50,Pedestrian,Male,0_to_16
20221222,NSW,2,2022,Wednesday,21:59,Single,70,Pedestrian,Female,17_to_25
20223134,Qld,2,2022,Tuesday,06:00,Single,60,Pedestrian,Male,75_or_older
20222034,Vic,2,2022,Friday,06:42,Single,60,Pedestrian,Female,75_or_older
20221208,NSW,2,2022,Thursday,13:00,Single,60,Pedestrian,Male,75_or_older
20221207,NSW,2,2022,Tuesday,18:15,Single,40,Driver,Female,75_or_older
20223073,Qld,2,2022,Wednesday,05:00,Multiple,60,Driver,Male,75_or_older
20227013,NT,2,2022,Tuesday,20:02,Single,50,Pedestrian,Female,40_to_64
20224015,SA,2,2022,Wednesday,20:15,Single,100,Pedestrian,Male,65_to_74
20221251,NSW,2,2022,Thursday,22:30,Multiple,80,Motorcycle rider,Male,17_to_25
20225007,WA,1,2022,Sunday,02:50,Single,50,Motorcycle rider,Male,17_to_25
20221096,NSW,1,2022,Friday,22:15,Single,60,Driver,Male,26_to_39
20228013,ACT,1,2022,Wednesday,20:00,Single,80,Driver,Male,26_to_39
20225026,WA,1,2022,Friday,04:40,Single,-9,Passenger,Male,40_to_64
20223253,Qld,1,2022,Monday,02:00,Single,110,Passenger,Male,26_to_39
20225080,WA,1,2022,Saturday,13:49,Single,110,Passenger,Male,17_to_25
20222038,Vic,1,2022,Saturday,06:30,Single,60,Motorcycle rider,Male,17_to_25
20225113,WA,1,2022,Saturday,16:09,Single,110,Driver,Female,17_to_25
20221008,NSW,1,2022,Saturday,18:17,Single,100,Motorcycle rider,Male,40_to_64
20226024,Tas,1,2022,Sunday,19:00,Single,110,Driver,Male,40_to_64
20221191,NSW,1,2022,Saturday,10:45,Multiple,80,Driver,Female,26_to_39
20221076,NSW,1,2022,Saturday,22:30,Single,100,Driver,Male,40_to_64
20225158,WA,1,2022,Sunday,15:10,Single,80,Motorcycle rider,Male,40_to_64
20223067,Qld,1,2022,Sunday,08:00,Multiple,100,Driver,Male,40_to_64
20221132,NSW,1,2022,Saturday,16:05,Single,100,Motorcycle rider,Male,40_to_64
20221092,NSW,1,2022,Saturday,14:30,Multiple,80,Driver,Male,40_to_64
20221010,NSW,1,2022,Sunday,09:20,Single,100,Motorcycle rider,Male,40_to_64
20223003,Qld,1,2022,Friday,23:00,Single,60,Driver,Male,40_to_64
20221151,NSW,1,2022,Sunday,16:00,Single,100,Driver,Male,40_to_64
20225032,WA,1,2022,Sunday,20:32,Single,110,Driver,Male,40_to_64
20221157,NSW,1,2022,Sunday,13:30,Multiple,80,Motorcycle rider,Female,40_to_64
20221231,NSW,1,2022,Saturday,13:00,Single,100,Motorcycle rider,Male,75_or_older
20223226,Qld,1,2022,Sunday,10:00,Single,100,Motorcycle rider,Male,75_or_older
20222061,Vic,1,2022,Sunday,17:58,Multiple,100,Driver,Male,75_or_older
20222177,Vic,1,2022,Friday,20:44,Multiple,50,Driver,Male,65_to_74
20222152,Vic,1,2022,Sunday,14:15,Single,100,Motorcycle rider,Female,40_to_64
20222069,Vic,1,2022,Sunday,11:00,Multiple,90,Passenger,Male,75_or_older
20222171,Vic,1,2022,Sunday,11:30,Multiple,100,Passenger,Female,65_to_74
20223067,Qld,1,2022,Sunday,08:00,Multiple,100,Driver,Female,17_to_25
20222030,Vic,1,2022,Saturday,11:00,Single,100,Motorcycle rider,Male,40_to_64
20223266,Qld,1,2022,Tuesday,13:00,Multiple,80,Motorcycle rider,Male,0_to_16
20222208,Vic,1,2022,Friday,20:15,Single,100,Driver,Male,65_to_74
20223018,Qld,1,2022,Monday,15:00,Single,60,Passenger,Male,17_to_25
20221097,NSW,1,2022,Wednesday,16:45,Single,100,Driver,Female,17_to_25
20221112,NSW,1,2022,Friday,12:05,Multiple,100,Driver,Female,17_to_25
20225015,WA,1,2022,Monday,03:54,Single,100,Driver,Male,75_or_older
20223017,Qld,1,2022,Friday,13:00,Single,60,Driver,Male,17_to_25
20221249,NSW,1,2022,Thursday,19:33,Multiple,50,Driver,Male,75_or_older
20222068,Vic,1,2022,Monday,16:38,Single,80,Driver,Male,17_to_25
20222002,Vic,1,2022,Monday,16:30,Multiple,100,Driver,Male,17_to_25
20222126,Vic,1,2022,Thursday,15:20,Single,100,Driver,Male,26_to_39
20226008,Tas,1,2022,Thursday,16:44,Multiple,60,Motorcycle pillion passenger,Male,26_to_39
20222033,Vic,1,2022,Tuesday,14:00,Multiple,100,Driver,Female,26_to_39
20221199,NSW,1,2022,Friday,15:15,Multiple,80,Motorcycle rider,Male,26_to_39
20227014,NT,1,2022,Wednesday,16:29,Single,100,Driver,Male,40_to_64
20222055,Vic,1,2022,Thursday,09:43,Single,100,Driver,Male,40_to_64
20221037,NSW,1,2022,Thursday,09:30,Multiple,100,Driver,Male,40_to_64
20221037,NSW,1,2022,Thursday,09:30,Multiple,100,Passenger,Male,40_to_64
20221097,NSW,1,2022,Wednesday,16:45,Single,100,Passenger,Female,40_to_64
20224060,SA,1,2022,Tuesday,07:30,Single,50,Driver,Male,40_to_64
20221178,NSW,1,2022,Sunday,01:11,Multiple,60,Motorcycle rider,Male,17_to_25
20223043,Qld,1,2022,Saturday,22:00,Single,70,Driver,Male,26_to_39
20221210,NSW,1,2022,Thursday,12:13,Multiple,100,Driver,Male,40_to_64
20224010,SA,1,2022,Friday,21:10,Single,80,Driver,Male,17_to_25
20221233,NSW,1,2022,Sunday,20:20,Multiple,100,Driver,Male,0_to_16
20223218,Qld,1,2022,Sunday,18:00,Single,80,Motorcycle rider,Male,26_to_39
20223242,Qld,1,2022,Friday,18:00,Single,40,Driver,Male,17_to_25
20224026,SA,1,2022,Friday,19:09,Multiple,80,Passenger,Female,40_to_64
20222158,Vic,1,2022,Monday,14:18,Multiple,70,Driver,Female,40_to_64
20221184,NSW,1,2022,Monday,13:10,Single,100,Driver,Female,40_to_64
20223267,Qld,1,2022,Friday,10:00,Multiple,100,Driver,Female,40_to_64
20223267,Qld,1,2022,Friday,10:00,Multiple,100,Driver,Male,40_to_64
20227008,NT,1,2022,Thursday,13:05,Multiple,110,Motorcycle rider,Male,40_to_64
20223065,Qld,1,2022,Monday,22:00,Multiple,60,Driver,Male,17_to_25
20222029,Vic,1,2022,Friday,17:00,Single,100,Motorcycle rider,Male,65_to_74
20222022,Vic,1,2022,Monday,12:40,Single,100,Other/-9,Male,65_to_74
20223085,Qld,1,2022,Friday,15:00,Multiple,100,Passenger,Male,65_to_74
20222229,Vic,1,2022,Wednesday,18:45,Multiple,70,Motorcycle rider,Male,17_to_25
20222060,Vic,1,2022,Thursday,19:22,Single,60,Motorcycle rider,Male,17_to_25
20228008,ACT,1,2022,Monday,10:30,Single,-9,Pedal cyclist,Male,65_to_74
20225055,WA,1,2022,Tuesday,07:06,Single,110,Driver,Male,65_to_74
20224040,SA,1,2022,Wednesday,18:30,Single,50,Motorcycle rider,Male,17_to_25
20221071,NSW,1,2022,Wednesday,01:25,Single,60,Passenger,Female,26_to_39
20225029,WA,1,2022,Tuesday,14:43,Single,80,Driver,Male,65_to_74
20222023,Vic,1,2022,Wednesday,01:30,Single,80,Driver,Female,26_to_39
20221148,NSW,1,2022,Tuesday,09:20,Multiple,60,Driver,Female,75_or_older
20225108,WA,1,2022,Monday,21:58,Single,110,Driver,Female,26_to_39
20221179,NSW,1,2022,Wednesday,11:50,Multiple,110,Driver,Male,75_or_older
20222131,Vic,1,2022,Thursday,04:00,Multiple,80,Pedal cyclist,Male,40_to_64
20221167,NSW,1,2022,Thursday,15:59,Multiple,70,Passenger,Male,0_to_16
20221218,NSW,1,2022,Monday,09:20,Multiple,100,Driver,Female,17_to_25
20223194,Qld,1,2022,Friday,02:00,Single,100,Driver,Male,40_to_64
20222090,Vic,1,2022,Saturday,01:35,Single,70,Pedestrian,Male,26_to_39
20223204,Qld,1,2022,Thursday,12:00,Single,100,Pedestrian,Male,40_to_64
20227022,NT,1,2022,Thursday,22:00,Single,130,Pedestrian,Female,17_to_25
20222014,Vic,1,2022,Wednesday,21:05,Single,100,Pedestrian,Female,17_to_25
20221176,NSW,1,2022,Friday,02:30,Single,90,Pedestrian,Male,17_to_25
20222142,Vic,1,2022,Wednesday,16:52,Single,60,Pedestrian,Female,65_to_74
20226004,Tas,1,2022,Wednesday,22:12,Single,110,Pedestrian,Female,26_to_39
20221145,NSW,1,2022,Wednesday,23:25,Single,50,Motorcycle rider,Male,17_to_25
20223264,Qld,1,2022,Thursday,02:00,Multiple,100,Passenger,Male,0_to_16
20223047,Qld,1,2022,Wednesday,00:00,Single,60,Motorcycle rider,Male,26_to_39
20237008,NT,10,2023,Friday,,Single,-9,Driver,Female,17_to_25
20234009,SA,10,2023,Saturday,03:00,Single,100,Driver,Male,17_to_25
20233087,Qld,10,2023,Saturday,03:00,Single,80,Driver,Male,17_to_25
20233149,Qld,10,2023,Sunday,03:00,Single,60,Passenger,Male,26_to_39
20233190,Qld,10,2023,Sunday,03:00,Multiple,100,Motorcycle rider,Male,26_to_39
20233052,Qld,10,2023,Saturday,23:00,Single,70,Driver,Female,26_to_39
20235077,WA,10,2023,Monday,17:08,Single,60,Passenger,Male,26_to_39
20236005,Tas,10,2023,Monday,20:55,Multiple,80,Driver,Female,40_to_64
20233149,Qld,10,2023,Sunday,03:00,Single,60,Passenger,Male,26_to_39
20236028,Tas,10,2023,Saturday,03:15,Single,60,Driver,Male,26_to_39
20232109,Vic,10,2023,Tuesday,20:20,Single,-9,Driver,Male,17_to_25
20232179,Vic,10,2023,Friday,22:30,Single,-9,Driver,Male,65_to_74
20237018,NT,10,2023,Tuesday,05:00,Multiple,-9,Motorcycle rider,Male,-9
20231095,NSW,10,2023,Wednesday,18:40,Single,70,Driver,Male,40_to_64
20235097,WA,10,2023,Tuesday,15:25,Single,110,Driver,Male,40_to_64
20231059,NSW,10,2023,Friday,23:08,Single,80,Driver,Male,40_to_64
20235091,WA,10,2023,Monday,07:54,Single,110,Driver,Female,40_to_64
20233053,Qld,10,2023,Sunday,16:00,Multiple,60,Motorcycle rider,Male,26_to_39
20233035,Qld,10,2023,Sunday,08:00,Single,60,Driver,Male,26_to_39
20235051,WA,10,2023,Wednesday,01:00,Single,70,Pedestrian,Female,40_to_64
20231105,NSW,10,2023,Friday,18:00,Multiple,70,Motorcycle rider,Male,40_to_64
20235059,WA,10,2023,Wednesday,07:00,Single,110,Passenger,Female,40_to_64
20237005,NT,10,2023,Saturday,16:00,Single,-9,Motorcycle rider,Male,40_to_64
20235112,WA,10,2023,Saturday,13:54,Single,100,Motorcycle rider,Male,40_to_64
20237010,NT,10,2023,Tuesday,21:00,Multiple,-9,Motorcycle rider,Male,26_to_39
20233196,Qld,10,2023,Saturday,07:00,Multiple,100,Driver,Male,65_to_74
20232141,Vic,10,2023,Sunday,14:50,Multiple,-9,Passenger,Male,17_to_25
20235073,WA,10,2023,Sunday,14:37,Single,110,Driver,Male,65_to_74
20232062,Vic,10,2023,Sunday,11:05,Single,-9,Pedal cyclist,Male,75_or_older
20232119,Vic,10,2023,Saturday,12:22,Multiple,-9,Driver,Male,26_to_39
20232059,Vic,10,2023,Friday,14:00,Multiple,-9,Passenger,Female,0_to_16
20235062,WA,10,2023,Saturday,19:35,Single,60,Driver,Male,65_to_74
20232030,Vic,10,2023,Saturday,20:50,Single,-9,Pedestrian,Male,65_to_74
20231013,NSW,10,2023,Monday,16:30,Multiple,100,Passenger,Male,17_to_25
20235077,WA,10,2023,Monday,17:08,Single,60,Driver,Male,17_to_25
20233017,Qld,10,2023,Thursday,16:00,Multiple,50,Motorcycle rider,Male,17_to_25
20231113,NSW,10,2023,Saturday,00:05,Single,100,Driver,Male,75_or_older
20231159,NSW,10,2023,Thursday,15:20,Multiple,60,Driver,Male,26_to_39
20232188,Vic,10,2023,Friday,06:31,Multiple,-9,Motorcycle rider,Male,26_to_39
20234062,SA,10,2023,Wednesday,09:25,Single,100,Passenger,Male,26_to_39
20233166,Qld,10,2023,Wednesday,22:00,Single,100,Motorcycle rider,Male,40_to_64
20232065,Vic,10,2023,Tuesday,03:08,Single,-9,Other/-9,Male,17_to_25
20234067,SA,10,2023,Sunday,22:28,Single,60,Driver,Male,75_or_older
20231081,NSW,10,2023,Monday,05:20,Single,100,Driver,Male,-9
20231092,NSW,10,2023,Wednesday,13:25,Single,50,Motorcycle rider,Male,40_to_64
20231220,NSW,10,2023,Monday,10:20,Single,100,Motorcycle rider,Male,40_to_64
20234050,SA,10,2023,Tuesday,17:20,Multiple,100,Driver,Female,40_to_64
20235100,WA,10,2023,Sunday,20:43,Single,-9,Pedestrian,Male,75_or_older
20231168,NSW,10,2023,Saturday,00:30,Single,50,Passenger,Male,0_to_16
20231202,NSW,10,2023,Tuesday,11:45,Multiple,70,Motorcycle rider,Male,40_to_64
20231074,NSW,10,2023,Thursday,17:45,Single,50,Driver,Male,40_to_64
20232090,Vic,10,2023,Friday,06:30,Multiple,-9,Motorcycle rider,Male,40_to_64
20233163,Qld,10,2023,Tuesday,11:00,Single,50,Driver,Male,40_to_64
20236018,Tas,10,2023,Thursday,02:47,Single,80,Motorcycle rider,Male,0_to_16
20234017,SA,10,2023,Tuesday,09:24,Multiple,110,Pedal cyclist,Male,65_to_74
20236026,Tas,10,2023,Tuesday,15:30,Multiple,100,Driver,Female,65_to_74
20231242,NSW,10,2023,Tuesday,11:03,Single,60,Motorcycle rider,Male,65_to_74
20231029,NSW,10,2023,Wednesday,14:52,Multiple,100,Driver,Male,65_to_74
20231235,NSW,10,2023,Friday,12:45,Single,100,Driver,Male,65_to_74
20234035,SA,10,2023,Wednesday,22:02,Multiple,100,Driver,Male,26_to_39
20231098,NSW,10,2023,Monday,06:40,Multiple,100,Driver,Female,65_to_74
20232072,Vic,10,2023,Wednesday,22:47,Multiple,-9,Motorcycle rider,Male,26_to_39
20234050,SA,10,2023,Tuesday,17:20,Multiple,100,Passenger,Female,75_or_older
20231224,NSW,10,2023,Thursday,10:10,Multiple,60,Passenger,Male,75_or_older
20231135,NSW,10,2023,Thursday,19:40,Multiple,50,Driver,Male,40_to_64
20231134,NSW,10,2023,Tuesday,11:30,Single,60,Passenger,Female,75_or_older
20231134,NSW,10,2023,Tuesday,11:30,Single,60,Passenger,Male,75_or_older
20231208,NSW,10,2023,Thursday,13:10,Single,100,Driver,Female,75_or_older
20232153,Vic,10,2023,Friday,14:30,Multiple,-9,Driver,Female,75_or_older
20234016,SA,10,2023,Tuesday,21:35,Multiple,50,Motorcycle rider,Male,40_to_64
20232079,Vic,10,2023,Tuesday,10:45,Single,-9,Driver,Male,75_or_older
20232059,Vic,10,2023,Friday,14:00,Multiple,-9,Passenger,U,-9
20231158,NSW,10,2023,Monday,22:00,Single,60,Motorcycle rider,Male,40_to_64
20232075,Vic,10,2023,Tuesday,10:30,Multiple,-9,Motorcycle rider,Male,40_to_64
20237003,NT,10,2023,Tuesday,08:30,Single,-9,Driver,Male,17_to_25
20231211,NSW,10,2023,Wednesday,23:30,Single,50,Driver,Male,40_to_64
20231072,NSW,10,2023,Friday,06:15,Multiple,100,Driver,Male,17_to_25
20235097,WA,10,2023,Tuesday,15:25,Single,110,Driver,Male,26_to_39
20232022,Vic,10,2023,Wednesday,13:05,Single,-9,Motorcycle rider,Male,26_to_39
20232101,Vic,10,2023,Monday,17:00,Multiple,-9,Driver,Male,26_to_39
20233033,Qld,10,2023,Sunday,15:00,Single,60,Pedestrian,Male,26_to_39
20232050,Vic,10,2023,Sunday,16:45,Single,-9,Pedestrian,Male,40_to_64
20231245,NSW,10,2023,Sunday,16:53,Single,50,Pedestrian,Male,40_to_64
20232020,Vic,10,2023,Sunday,17:00,Single,-9,Pedestrian,Female,0_to_16
20231145,NSW,10,2023,Wednesday,15:30,Single,50,Pedestrian,Male,0_to_16
20231065,NSW,10,2023,Thursday,20:45,Multiple,110,Motorcycle rider,Male,65_to_74
20233157,Qld,10,2023,Monday,08:00,Single,20,Pedestrian,Male,65_to_74
20231024,NSW,10,2023,Tuesday,11:59,Single,50,Pedestrian,Female,75_or_older
20232048,Vic,10,2023,Tuesday,06:25,Single,-9,Pedestrian,Male,40_to_64
20237018,NT,10,2023,Tuesday,05:00,Multiple,-9,Driver,Male,17_to_25
20232017,Vic,10,2023,Monday,21:30,Single,-9,Driver,Female,17_to_25
20232125,Vic,10,2023,Tuesday,01:07,Single,-9,Driver,Male,40_to_64
20231219,NSW,10,2023,Monday,19:30,Single,80,Pedestrian,Male,75_or_older
20232095,Vic,10,2023,Monday,20:15,Multiple,-9,Driver,Male,40_to_64
20236013,Tas,10,2023,Thursday,21:21,Multiple,50,Pedestrian,Male,26_to_39
20231262,NSW,9,2023,Friday,21:20,Multiple,50,Passenger,Male,0_to_16
20231087,NSW,9,2023,Sunday,03:03,Multiple,50,Driver,Male,0_to_16
20233008,Qld,9,2023,Sunday,18:00,Multiple,80,Passenger,Male,17_to_25
20232186,Vic,9,2023,Sunday,01:22,Multiple,-9,Motorcycle rider,Male,17_to_25
20231262,NSW,9,2023,Friday,21:20,Multiple,50,Driver,Female,17_to_25
20233152,Qld,9,2023,Saturday,20:00,Single,100,Driver,Male,17_to_25
20231266,NSW,9,2023,Sunday,19:30,Single,60,Motorcycle rider,Male,17_to_25
20233036,Qld,9,2023,Saturday,04:00,Single,100,Driver,Male,17_to_25
20231066,NSW,9,2023,Saturday,00:01,Single,100,Driver,Male,17_to_25
20233177,Qld,9,2023,Saturday,23:00,Single,80,Driver,Male,17_to_25
20231267,NSW,9,2023,Sunday,05:30,Single,100,Passenger,Male,26_to_39
20233094,Qld,9,2023,Monday,18:00,Single,80,Driver,Male,17_to_25
20232190,Vic,9,2023,Tuesday,18:35,Multiple,-9,Motorcycle rider,Male,17_to_25
20231002,NSW,9,2023,Tuesday,19:40,Multiple,60,Passenger,Female,17_to_25
20231002,NSW,9,2023,Tuesday,19:40,Multiple,60,Driver,Male,17_to_25
20234038,SA,9,2023,Tuesday,18:01,Multiple,40,Motorcycle rider,Male,17_to_25
20233072,Qld,9,2023,Thursday,19:00,Single,110,Driver,Male,26_to_39
20235044,WA,9,2023,Sunday,21:22,Single,-9,Motorcycle pillion passenger,Female,26_to_39
20235044,WA,9,2023,Sunday,21:22,Single,-9,Motorcycle rider,Male,26_to_39
20231086,NSW,9,2023,Friday,20:15,Single,70,Driver,Male,26_to_39
20231086,NSW,9,2023,Friday,20:15,Single,70,Passenger,Male,26_to_39
20231011,NSW,9,2023,Monday,04:20,Multiple,100,Passenger,Female,26_to_39
20231108,NSW,9,2023,Friday,22:57,Single,50,Driver,Male,26_to_39
20235032,WA,9,2023,Sunday,11:58,Single,60,Driver,Male,65_to_74
20232013,Vic,9,2023,Saturday,20:30,Single,-9,Driver,Male,40_to_64
20234019,SA,9,2023,Saturday,17:00,Single,60,Motorcycle rider,Male,17_to_25
20232173,Vic,9,2023,Saturday,14:20,Single,-9,Motorcycle rider,Male,17_to_25
20237017,NT,9,2023,Saturday,,,-9,Unknown,-9,-9
20235026,WA,9,2023,Sunday,06:25,Single,110,Passenger,Male,17_to_25
20233167,Qld,9,2023,Saturday,05:00,Single,50,Driver,Male,40_to_64
20231251,NSW,9,2023,Saturday,17:00,Multiple,100,Driver,Male,26_to_39
20231263,NSW,9,2023,Sunday,16:40,Single,80,Driver,Male,26_to_39
20233012,Qld,9,2023,Saturday,13:00,Multiple,60,Passenger,Female,26_to_39
20231009,NSW,9,2023,Saturday,00:50,Single,100,Driver,Male,40_to_64
20234029,SA,9,2023,Saturday,14:24,Multiple,80,Motorcycle rider,Male,40_to_64
20233078,Qld,9,2023,Sunday,10:00,Multiple,100,Motorcycle rider,Male,40_to_64
20231003,NSW,9,2023,Saturday,16:08,Single,100,Passenger,Male,40_to_64
20232207,Vic,9,2023,Saturday,13:58,Multiple,-9,Motorcycle rider,Male,40_to_64
20233028,Qld,9,2023,Saturday,12:00,Multiple,100,Motorcycle rider,Male,40_to_64
20231056,NSW,9,2023,Saturday,15:30,Single,100,Driver,Male,40_to_64
20232047,Vic,9,2023,Saturday,15:38,Single,-9,Driver,Male,40_to_64
20233120,Qld,9,2023,Saturday,09:00,Single,100,Motorcycle rider,Male,40_to_64
20231173,NSW,9,2023,Saturday,10:00,Multiple,80,Passenger,Male,40_to_64
20235111,WA,9,2023,Saturday,07:31,Single,110,Passenger,Female,40_to_64
20235111,WA,9,2023,Saturday,07:31,Single,110,Passenger,Female,40_to_64
20233099,Qld,9,2023,Sunday,04:00,Multiple,80,Driver,Male,40_to_64
20233098,Qld,9,2023,Saturday,11:00,Multiple,100,Motorcycle rider,Male,65_to_74
20235032,WA,9,2023,Sunday,11:58,Single,60,Driver,Female,65_to_74
20232131,Vic,9,2023,Thursday,18:15,Single,-9,Motorcycle rider,Male,40_to_64
20235046,WA,9,2023,Sunday,11:44,Single,110,Passenger,Female,0_to_16
20232066,Vic,9,2023,Saturday,17:05,Single,-9,Driver,Male,40_to_64
20232115,Vic,9,2023,Sunday,09:53,Multiple,-9,Motorcycle rider,Male,26_to_39
20232026,Vic,9,2023,Sunday,10:10,Multiple,100,Driver,Male,40_to_64
20233066,Qld,9,2023,Saturday,17:00,Single,100,Driver,Male,17_to_25
20235060,WA,9,2023,Wednesday,17:18,Single,110,Driver,Male,17_to_25
20235023,WA,9,2023,Wednesday,17:10,Single,70,Passenger,Male,17_to_25
20235023,WA,9,2023,Wednesday,17:10,Single,70,Passenger,Male,17_to_25
20233146,Qld,9,2023,Monday,09:00,Single,100,Driver,Male,17_to_25
20234036,SA,9,2023,Monday,15:20,Single,60,Driver,Male,17_to_25
20233156,Qld,9,2023,Friday,12:00,Multiple,60,Motorcycle rider,Male,17_to_25
20232092,Vic,9,2023,Saturday,02:40,Single,-9,Driver,Male,75_or_older
20232035,Vic,9,2023,Friday,11:00,Multiple,-9,Motorcycle rider,Male,26_to_39
20231007,NSW,9,2023,Monday,16:52,Multiple,60,Motorcycle rider,Male,26_to_39
20233200,Qld,9,2023,Friday,11:00,Multiple,100,Driver,Female,26_to_39
20233058,Qld,9,2023,Monday,08:00,Single,100,Driver,Male,26_to_39
20237016,NT,9,2023,Monday,,,-9,Unknown,-9,-9
20237009,NT,9,2023,Friday,,Multiple,-9,Passenger,-9,-9
20233044,Qld,9,2023,Wednesday,13:00,Multiple,110,Driver,Male,40_to_64
20232083,Vic,9,2023,Sunday,18:40,Multiple,-9,Motorcycle rider,Male,17_to_25
20237017,NT,9,2023,Saturday,,,-9,Unknown,-9,-9
20237009,NT,9,2023,Friday,,Multiple,-9,Passenger,-9,-9
20237009,NT,9,2023,Friday,,Multiple,-9,Driver,-9,-9
20237009,NT,9,2023,Friday,,Multiple,-9,Passenger,-9,-9
20237009,NT,9,2023,Friday,,Multiple,-9,Passenger,-9,-9
20237009,NT,9,2023,Friday,,Multiple,-9,Passenger,-9,-9
20231257,NSW,9,2023,Monday,12:10,Single,50,Motorcycle rider,Male,40_to_64
20231058,NSW,9,2023,Tuesday,16:00,Single,60,Driver,Male,40_to_64
20233018,Qld,9,2023,Wednesday,17:00,Single,80,Driver,Female,40_to_64
20233029,Qld,9,2023,Friday,07:00,Multiple,40,Driver,Female,40_to_64
20233006,Qld,9,2023,Friday,12:00,Multiple,-9,Motorcycle rider,Male,40_to_64
20235103,WA,9,2023,Friday,,Single,-9,Driver,Male,26_to_39
20232083,Vic,9,2023,Sunday,18:40,Multiple,-9,Motorcycle rider,Female,17_to_25
20232106,Vic,9,2023,Saturday,23:39,Single,-9,Passenger,Male,17_to_25
20235075,WA,9,2023,Saturday,03:31,Single,70,Driver,Female,26_to_39
20232104,Vic,9,2023,Saturday,00:44,Single,-9,Driver,Female,26_to_39
20234034,SA,9,2023,Monday,14:25,Single,-9,Pedal cyclist,Male,40_to_64
20234070,SA,9,2023,Thursday,14:10,Multiple,100,Driver,Male,40_to_64
20231100,NSW,9,2023,Tuesday,06:50,Multiple,80,Driver,Male,40_to_64
20236023,Tas,9,2023,Tuesday,16:00,Single,<40,Motorcycle rider,Male,40_to_64
20232156,Vic,9,2023,Wednesday,15:05,Single,-9,Driver,Female,40_to_64
20235001,WA,9,2023,Tuesday,21:39,Single,60,Passenger,Female,0_to_16
20234048,SA,9,2023,Tuesday,15:25,Multiple,50,Motorcycle rider,Male,40_to_64
20236012,Tas,9,2023,Friday,13:20,Single,110,Passenger,Male,65_to_74
20231179,NSW,9,2023,Monday,11:30,Multiple,100,Driver,Male,65_to_74
20231204,NSW,9,2023,Tuesday,11:00,Single,100,Motorcycle rider,Male,65_to_74
20232130,Vic,9,2023,Wednesday,15:10,Multiple,-9,Driver,Female,65_to_74
20233183,Qld,9,2023,Friday,06:00,Multiple,60,Driver,Female,65_to_74
20234076,SA,9,2023,Friday,07:29,Multiple,50,Driver,Male,65_to_74
20234024,SA,9,2023,Monday,12:19,Single,60,Driver,Male,65_to_74
20234051,SA,9,2023,Thursday,00:27,Multiple,110,Driver,Male,26_to_39
20233061,Qld,9,2023,Tuesday,11:00,Multiple,70,Motorcycle rider,Male,65_to_74
20233072,Qld,9,2023,Thursday,19:00,Single,110,Passenger,Male,26_to_39
20232001,Vic,9,2023,Wednesday,23:30,Single,-9,Driver,Female,26_to_39
20231195,NSW,9,2023,Tuesday,11:30,Single,100,Passenger,Female,75_or_older
20233109,Qld,9,2023,Monday,15:00,Multiple,60,Driver,Male,75_or_older
20232134,Vic,9,2023,Monday,13:00,Single,-9,Driver,Female,75_or_older
20233080,Qld,9,2023,Friday,12:00,Multiple,110,Passenger,Female,75_or_older
20233215,Qld,9,2023,Tuesday,21:00,Single,100,Motorcycle rider,Male,40_to_64
20231192,NSW,9,2023,Wednesday,23:10,Multiple,70,Motorcycle rider,Male,40_to_64
20235083,WA,9,2023,Tuesday,13:55,Single,70,Passenger,Female,75_or_older
20231254,NSW,9,2023,Friday,14:50,Multiple,60,Motorcycle rider,Male,-9
20235023,WA,9,2023,Wednesday,17:10,Single,70,Driver,Male,17_to_25
20232023,Vic,9,2023,Friday,14:10,Multiple,-9,Motorcycle rider,Male,65_to_74
20232043,Vic,9,2023,Friday,07:59,Multiple,-9,Driver,Male,40_to_64
20231249,NSW,9,2023,Monday,15:34,Multiple,110,Driver,Male,17_to_25
20231046,NSW,9,2023,Saturday,01:18,Single,110,Pedestrian,Male,26_to_39
20231016,NSW,9,2023,Thursday,02:15,Single,100,Driver,Male,65_to_74
20232175,Vic,9,2023,Friday,20:05,Single,-9,Pedestrian,Male,40_to_64
20232069,Vic,9,2023,Saturday,10:00,Single,-9,Pedestrian,Female,75_or_older
20233021,Qld,9,2023,Sunday,17:00,Single,60,Pedestrian,Male,0_to_16
20233115,Qld,9,2023,Friday,13:00,Single,60,Pedestrian,Male,40_to_64
20234075,SA,9,2023,Thursday,12:30,Single,10,Pedestrian,Male,65_to_74
20231182,NSW,9,2023,Friday,09:00,Single,60,Pedestrian,Female,75_or_older
20231068,NSW,9,2023,Wednesday,08:13,Single,50,Pedestrian,Male,75_or_older
20231205,NSW,9,2023,Friday,16:55,Single,50,Pedestrian,Female,75_or_older
20237006,NT,9,2023,Thursday,,,-9,Unknown,-9,-9
20232180,Vic,9,2023,Thursday,15:20,Single,-9,Pedestrian,Female,75_or_older
20231164,NSW,9,2023,Monday,18:00,Single,100,Pedestrian,Male,75_or_older
20232116,Vic,9,2023,Thursday,19:13,Single,-9,Pedestrian,Male,17_to_25
20233191,Qld,9,2023,Friday,01:00,Single,50,Driver,Male,17_to_25
20233068,Qld,8,2023,Saturday,02:00,Single,70,Passenger,Male,17_to_25
20231143,NSW,8,2023,Friday,23:45,Multiple,50,Passenger,Female,17_to_25
20233040,Qld,8,2023,Saturday,02:00,Multiple,60,Passenger,Male,17_to_25
20231227,NSW,8,2023,Saturday,00:30,Single,100,Driver,Male,17_to_25
20231127,NSW,8,2023,Saturday,18:00,Multiple,50,Motorcycle rider,Male,17_to_25
20236016,Tas,8,2023,Saturday,23:00,Single,100,Driver,Male,26_to_39
20231194,NSW,8,2023,Thursday,05:45,Single,100,Driver,Male,17_to_25
20234022,SA,8,2023,Tuesday,18:40,Single,100,Driver,Male,17_to_25
20237015,NT,8,2023,Thursday,18:35,Multiple,50,Motorcycle rider,Male,26_to_39
20233119,Qld,8,2023,Saturday,05:00,Single,100,Driver,Male,26_to_39
20236002,Tas,8,2023,Monday,03:23,Single,80,Passenger,Male,26_to_39
20232202,Vic,8,2023,Sunday,23:18,Single,80,Driver,Female,40_to_64
20232111,Vic,8,2023,Thursday,23:00,Single,-9,Driver,Male,40_to_64
20231199,NSW,8,2023,Sunday,17:05,Multiple,110,Driver,Male,17_to_25
20235015,WA,8,2023,Sunday,07:00,Single,110,Driver,Male,17_to_25
20232120,Vic,8,2023,Friday,20:50,Multiple,-9,Motorcycle rider,Male,26_to_39
20231088,NSW,8,2023,Monday,05:40,Single,100,Driver,Male,40_to_64
20231031,NSW,8,2023,Saturday,21:20,Single,50,Passenger,Male,40_to_64
20231236,NSW,8,2023,Saturday,20:55,Multiple,100,Driver,Male,40_to_64
20235084,WA,8,2023,Sunday,09:05,Single,90,Driver,Male,40_to_64
20231038,NSW,8,2023,Saturday,19:15,Single,80,Driver,Male,40_to_64
20233173,Qld,8,2023,Sunday,12:00,Multiple,100,Driver,Female,40_to_64
20233187,Qld,8,2023,Sunday,09:00,Multiple,60,Driver,Male,40_to_64
20233148,Qld,8,2023,Saturday,11:00,Multiple,100,Motorcycle rider,Male,40_to_64
20234041,SA,8,2023,Sunday,11:50,Single,110,Driver,Male,40_to_64
20233090,Qld,8,2023,Saturday,10:00,Multiple,50,Pedal cyclist,Male,65_to_74
20232103,Vic,8,2023,Sunday,16:30,Multiple,100,Driver,Female,65_to_74
20231157,NSW,8,2023,Sunday,13:50,Single,80,Pedal cyclist,Male,65_to_74
20231155,NSW,8,2023,Friday,18:00,Multiple,100,Motorcycle rider,Male,40_to_64
20232031,Vic,8,2023,Saturday,16:09,Multiple,-9,Driver,Female,75_or_older
20235017,WA,8,2023,Wednesday,16:48,Single,50,Pedestrian,Male,75_or_older
20234085,SA,8,2023,Sunday,13:00,Single,110,Driver,Female,75_or_older
20231014,NSW,8,2023,Saturday,17:57,Multiple,60,Motorcycle rider,Male,17_to_25
20235036,WA,8,2023,Sunday,06:15,Single,50,Driver,Male,26_to_39
20233049,Qld,8,2023,Sunday,18:00,Multiple,100,Driver,Male,65_to_74
20231148,NSW,8,2023,Monday,06:20,Multiple,80,Driver,Female,17_to_25
20231250,NSW,8,2023,Tuesday,16:15,Multiple,70,Driver,Male,17_to_25
20231051,NSW,8,2023,Friday,10:40,Single,90,Driver,Female,17_to_25
20235082,WA,8,2023,Wednesday,19:21,Single,110,Driver,Male,40_to_64
20233198,Qld,8,2023,Tuesday,11:00,Multiple,100,Motorcycle rider,Male,17_to_25
20233213,Qld,8,2023,Friday,12:00,Single,-9,Passenger,Male,26_to_39
20231093,NSW,8,2023,Friday,07:55,Multiple,110,Passenger,Male,26_to_39
20231052,NSW,8,2023,Wednesday,16:25,Multiple,100,Driver,Male,26_to_39
20233145,Qld,8,2023,Friday,09:00,Multiple,100,Motorcycle rider,Male,40_to_64
20233169,Qld,8,2023,Sunday,20:00,Single,100,Driver,Male,40_to_64
20232098,Vic,8,2023,Sunday,18:54,Multiple,50,Driver,Female,26_to_39
20233203,Qld,8,2023,Sunday,04:00,Single,100,Passenger,Male,26_to_39
20231077,NSW,8,2023,Friday,22:50,Multiple,60,Motorcycle rider,Male,17_to_25
20231185,NSW,8,2023,Friday,21:50,Single,60,Passenger,Male,0_to_16
20231185,NSW,8,2023,Friday,21:50,Single,60,Passenger,Male,0_to_16
20233016,Qld,8,2023,Thursday,11:00,Multiple,100,Motorcycle rider,Male,40_to_64
20232004,Vic,8,2023,Thursday,15:32,Multiple,80,Driver,Male,40_to_64
20231265,NSW,8,2023,Friday,11:50,Single,50,Motorcycle rider,Male,40_to_64
20232176,Vic,8,2023,Friday,06:35,Multiple,70,Motorcycle rider,Male,40_to_64
20233101,Qld,8,2023,Tuesday,16:00,Multiple,80,Driver,Male,65_to_74
20231178,NSW,8,2023,Monday,20:20,Single,80,Driver,Male,17_to_25
20235109,WA,8,2023,Tuesday,19:38,Single,70,Driver,Male,17_to_25
20232011,Vic,8,2023,Thursday,10:27,Multiple,-9,Passenger,Female,65_to_74
20232011,Vic,8,2023,Thursday,10:27,Multiple,-9,Passenger,Female,65_to_74
20232011,Vic,8,2023,Thursday,10:27,Multiple,-9,Passenger,Male,65_to_74
20233046,Qld,8,2023,Thursday,02:00,Single,100,Driver,Male,26_to_39
20233168,Qld,8,2023,Tuesday,20:00,Multiple,110,Driver,Male,26_to_39
20235030,WA,8,2023,Thursday,03:55,Single,110,Driver,Male,26_to_39
20231191,NSW,8,2023,Wednesday,14:45,Multiple,100,Driver,Male,75_or_older
20233204,Qld,8,2023,Friday,11:00,Multiple,60,Passenger,Female,75_or_older
20235040,WA,8,2023,Thursday,09:26,Single,90,Driver,Male,75_or_older
20231131,NSW,8,2023,Thursday,04:19,Single,100,Driver,Male,26_to_39
20233123,Qld,8,2023,Wednesday,10:00,Multiple,70,Driver,Female,75_or_older
20232011,Vic,8,2023,Thursday,10:27,Multiple,-9,Driver,Male,75_or_older
20232105,Vic,8,2023,Friday,17:17,Multiple,110,Passenger,Male,75_or_older
20233168,Qld,8,2023,Tuesday,20:00,Multiple,110,Driver,Male,40_to_64
20231006,NSW,8,2023,Monday,14:00,Single,50,Driver,Male,75_or_older
20231012,NSW,8,2023,Thursday,20:30,Single,100,Driver,Male,40_to_64
20233182,Qld,8,2023,Monday,12:00,Single,50,Driver,Female,75_or_older
20233176,Qld,8,2023,Monday,12:00,Single,50,Driver,Male,75_or_older
20235045,WA,8,2023,Thursday,15:39,Single,70,Motorcycle rider,Female,40_to_64
20235104,WA,8,2023,Thursday,10:23,Single,110,Driver,Male,40_to_64
20233131,Qld,8,2023,Wednesday,06:00,Single,100,Driver,Female,40_to_64
20235066,WA,8,2023,Thursday,21:22,Single,100,Driver,Male,40_to_64
20235019,WA,8,2023,Wednesday,13:10,Single,110,Driver,Male,26_to_39
20233124,Qld,8,2023,Friday,05:00,Multiple,50,Motorcycle rider,Male,40_to_64
20232122,Vic,8,2023,Friday,21:20,Single,60,Pedestrian,Male,0_to_16
20233154,Qld,8,2023,Thursday,20:00,Multiple,60,Driver,Male,65_to_74
20233048,Qld,8,2023,Friday,03:00,Single,100,Driver,Male,65_to_74
20231248,NSW,8,2023,Saturday,08:04,Single,40,Pedestrian,Female,65_to_74
20231218,NSW,8,2023,Friday,18:14,Single,60,Pedestrian,Male,65_to_74
20234037,SA,8,2023,Thursday,04:30,Single,60,Driver,Male,65_to_74
20231004,NSW,8,2023,Wednesday,06:25,Single,60,Pedestrian,Female,40_to_64
20234047,SA,8,2023,Wednesday,01:00,Single,50,Pedestrian,Male,26_to_39
20232094,Vic,8,2023,Wednesday,19:36,Single,-9,Pedestrian,Male,26_to_39
20232060,Vic,8,2023,Thursday,21:30,Single,100,Driver,Male,75_or_older
20233057,Qld,8,2023,Tuesday,20:00,Single,20,Pedestrian,Male,26_to_39
20233081,Qld,8,2023,Wednesday,16:00,Single,50,Pedestrian,Female,75_or_older
20233153,Qld,8,2023,Monday,07:00,Single,80,Pedestrian,Male,75_or_older
20232158,Vic,8,2023,Tuesday,19:25,Multiple,-9,Motorcycle rider,Male,26_to_39
20232198,Vic,8,2023,Thursday,18:46,Single,-9,Passenger,Male,26_to_39
20232198,Vic,8,2023,Thursday,18:46,Single,-9,Driver,Male,26_to_39
20231044,NSW,8,2023,Wednesday,05:10,Single,60,Pedestrian,Female,65_to_74
20232014,Vic,8,2023,Wednesday,18:15,Multiple,-9,Motorcycle rider,Male,26_to_39
20236025,Tas,8,2023,Thursday,20:55,Single,80,Driver,Female,17_to_25
20234001,SA,8,2023,Sunday,19:08,Multiple,50,Pedestrian,Male,26_to_39
20235021,WA,8,2023,Thursday,23:03,Single,110,Driver,Male,17_to_25
20235006,WA,8,2023,Saturday,09:00,Single,50,Driver,Male,40_to_64
20232151,Vic,8,2023,Wednesday,00:10,Multiple,100,Pedestrian,Male,40_to_64
20237011,NT,8,2023,Thursday,18:57,Multiple,80,Pedestrian,Male,40_to_64
20231268,NSW,7,2023,Friday,18:00,Multiple,70,Motorcycle rider,Male,0_to_16
20231244,NSW,7,2023,Saturday,20:00,Multiple,60,Motorcycle rider,Male,17_to_25
20233060,Qld,7,2023,Sunday,18:00,Single,60,Passenger,Male,17_to_25
20235072,WA,7,2023,Saturday,00:02,Single,60,Driver,Male,17_to_25
20233022,Qld,7,2023,Sunday,23:00,Single,70,Driver,Male,17_to_25
20234081,SA,7,2023,Saturday,18:00,Single,100,Motorcycle rider,Male,40_to_64
20232021,Vic,7,2023,Wednesday,01:38,Single,-9,Driver,Male,17_to_25
20231200,NSW,7,2023,Saturday,02:05,Single,50,Motorcycle rider,Male,26_to_39
20232185,Vic,7,2023,Monday,20:40,Multiple,100,Passenger,Female,26_to_39
20231017,NSW,7,2023,Thursday,04:30,Multiple,110,Driver,Male,40_to_64
20235086,WA,7,2023,Monday,18:26,Single,110,Driver,Male,40_to_64
20232166,Vic,7,2023,Sunday,22:15,Single,80,Passenger,Male,40_to_64
20231176,NSW,7,2023,Sunday,12:40,Multiple,100,Pedal cyclist,Female,17_to_25
20233011,Qld,7,2023,Saturday,15:00,Single,80,Driver,Male,17_to_25
20238001,ACT,7,2023,Sunday,16:20,Single,-9,Driver,Male,17_to_25
20231025,NSW,7,2023,Saturday,12:20,Multiple,80,Motorcycle rider,Male,17_to_25
20231089,NSW,7,2023,Saturday,13:30,Multiple,60,Motorcycle rider,Male,26_to_39
20232016,Vic,7,2023,Friday,19:55,Multiple,100,Driver,Male,40_to_64
20232167,Vic,7,2023,Saturday,06:10,Single,-9,Driver,Male,26_to_39
20231197,NSW,7,2023,Saturday,17:05,Single,80,Driver,Male,26_to_39
20231153,NSW,7,2023,Saturday,19:30,Single,80,Passenger,Female,40_to_64
20235008,WA,7,2023,Sunday,12:24,Single,110,Driver,Male,40_to_64
20235099,WA,7,2023,Sunday,17:00,Single,80,Driver,Male,40_to_64
20231057,NSW,7,2023,Sunday,13:30,Single,110,Passenger,Male,40_to_64
20234083,SA,7,2023,Sunday,11:00,Single,-9,Pedal cyclist,Male,40_to_64
20234087,SA,7,2023,Saturday,14:04,Multiple,80,Motorcycle rider,Male,40_to_64
20234058,SA,7,2023,Saturday,08:29,Single,80,Passenger,Male,40_to_64
20233015,Qld,7,2023,Sunday,11:00,Single,60,Driver,Male,65_to_74
20232145,Vic,7,2023,Sunday,11:10,Multiple,100,Motorcycle rider,Male,65_to_74
20231018,NSW,7,2023,Saturday,12:50,Multiple,80,Driver,Female,75_or_older
20235012,WA,7,2023,Saturday,17:20,Single,70,Driver,Female,75_or_older
20231071,NSW,7,2023,Sunday,12:20,Single,50,Driver,Male,26_to_39
20232183,Vic,7,2023,Sunday,16:44,Multiple,-9,Driver,Male,40_to_64
20235069,WA,7,2023,Thursday,10:55,Single,70,Driver,Male,75_or_older
20232082,Vic,7,2023,Sunday,19:00,Single,60,Driver,Male,65_to_74
20233104,Qld,7,2023,Monday,17:00,Single,100,Driver,Female,17_to_25
20233162,Qld,7,2023,Monday,07:00,Multiple,100,Driver,Female,17_to_25
20233063,Qld,7,2023,Tuesday,08:00,Single,40,Driver,Male,17_to_25
20231240,NSW,7,2023,Monday,03:15,Multiple,80,Driver,Male,75_or_older
20231207,NSW,7,2023,Wednesday,08:40,Multiple,80,Driver,Female,17_to_25
20231216,NSW,7,2023,Wednesday,14:40,Single,60,Motorcycle rider,Male,17_to_25
20233003,Qld,7,2023,Wednesday,14:00,Multiple,80,Driver,Female,26_to_39
20231234,NSW,7,2023,Monday,06:49,Multiple,100,Driver,Male,26_to_39
20234008,SA,7,2023,Friday,08:21,Multiple,110,Driver,Female,26_to_39
20231174,NSW,7,2023,Tuesday,16:30,Single,50,Driver,Female,26_to_39
20233128,Qld,7,2023,Wednesday,15:00,Multiple,80,Motorcycle rider,Male,26_to_39
20233178,Qld,7,2023,Friday,12:00,Single,100,Motorcycle rider,Male,26_to_39
20231130,NSW,7,2023,Wednesday,09:45,Single,60,Driver,Male,26_to_39
20233180,Qld,7,2023,Wednesday,10:00,Multiple,100,Driver,Male,26_to_39
20232201,Vic,7,2023,Monday,10:39,Multiple,-9,Driver,Male,26_to_39
20233202,Qld,7,2023,Monday,06:00,Single,110,Passenger,Female,26_to_39
20233192,Qld,7,2023,Monday,10:00,Single,80,Motorcycle rider,Male,40_to_64
20233050,Qld,7,2023,Wednesday,10:00,Multiple,100,Driver,Male,40_to_64
20232143,Vic,7,2023,Monday,13:10,Multiple,-9,Driver,Male,40_to_64
20233134,Qld,7,2023,Friday,13:00,Multiple,100,Motorcycle rider,Male,40_to_64
20231193,NSW,7,2023,Monday,06:00,Single,110,Driver,Male,40_to_64
20232087,Vic,7,2023,Wednesday,11:54,Multiple,100,Driver,Male,40_to_64
20233042,Qld,7,2023,Friday,16:00,Single,50,Motorcycle rider,Male,40_to_64
20231149,NSW,7,2023,Sunday,20:15,Single,50,Driver,Male,26_to_39
20234045,SA,7,2023,Monday,16:14,Multiple,90,Motorcycle rider,Male,40_to_64
20235081,WA,7,2023,Tuesday,17:58,Single,100,Pedestrian,Female,40_to_64
20232058,Vic,7,2023,Wednesday,12:30,Multiple,100,Driver,Male,40_to_64
20231083,NSW,7,2023,Friday,14:50,Multiple,110,Driver,Male,40_to_64
20233065,Qld,7,2023,Tuesday,07:00,Multiple,100,Driver,Male,40_to_64
20233171,Qld,7,2023,Tuesday,06:00,Multiple,100,Driver,Male,40_to_64
20231154,NSW,7,2023,Wednesday,13:27,Multiple,60,Passenger,Female,40_to_64
20232044,Vic,7,2023,Wednesday,14:03,Multiple,100,Driver,Female,40_to_64
20232205,Vic,7,2023,Monday,17:34,Multiple,60,Pedal cyclist,Male,40_to_64
20235027,WA,7,2023,Thursday,22:36,Single,-9,Driver,Female,0_to_16
20234063,SA,7,2023,Tuesday,14:45,Single,50,Pedal cyclist,Male,65_to_74
20231028,NSW,7,2023,Wednesday,13:00,Single,60,Driver,Male,65_to_74
20231069,NSW,7,2023,Thursday,01:07,Single,100,Motorcycle rider,Male,17_to_25
20231027,NSW,7,2023,Wednesday,16:30,Multiple,110,Driver,Male,65_to_74
20235025,WA,7,2023,Thursday,09:38,Single,100,Driver,Male,65_to_74
20233005,Qld,7,2023,Wednesday,18:00,Single,100,Driver,Male,17_to_25
20233117,Qld,7,2023,Friday,03:00,Multiple,110,Passenger,Female,17_to_25
20232147,Vic,7,2023,Thursday,21:45,Multiple,80,Driver,Male,17_to_25
20233147,Qld,7,2023,Friday,00:00,Multiple,60,Passenger,Female,17_to_25
20235016,WA,7,2023,Sunday,12:00,Single,110,Driver,Male,26_to_39
20234090,SA,7,2023,Monday,14:32,Multiple,60,Driver,Male,65_to_74
20233103,Qld,7,2023,Friday,10:00,Multiple,100,Driver,Male,65_to_74
20233059,Qld,7,2023,Tuesday,18:00,Single,80,Motorcycle rider,Male,26_to_39
20233117,Qld,7,2023,Friday,03:00,Multiple,110,Driver,Female,26_to_39
20233136,Qld,7,2023,Tuesday,17:00,Single,100,Driver,Male,75_or_older
20231239,NSW,7,2023,Friday,05:40,Multiple,70,Pedal cyclist,Male,26_to_39
20231034,NSW,7,2023,Friday,14:30,Single,50,Passenger,Male,75_or_older
20231160,NSW,7,2023,Tuesday,19:40,Single,50,Pedal cyclist,Male,40_to_64
20231030,NSW,7,2023,Thursday,15:45,Single,50,Driver,Male,75_or_older
20232117,Vic,7,2023,Monday,12:10,Multiple,80,Driver,Female,75_or_older
20233085,Qld,7,2023,Friday,15:00,Single,80,Driver,Male,26_to_39
20233007,Qld,7,2023,Monday,18:00,Single,100,Driver,Male,40_to_64
20234025,SA,7,2023,Thursday,23:34,Single,80,Driver,Male,40_to_64
20231186,NSW,7,2023,Tuesday,17:00,Multiple,100,Driver,Male,17_to_25
20233133,Qld,7,2023,Tuesday,21:00,Single,80,Passenger,Male,40_to_64
20232005,Vic,7,2023,Wednesday,16:30,Multiple,-9,Driver,Male,26_to_39
20236014,Tas,7,2023,Sunday,20:42,Single,100,Pedestrian,Male,0_to_16
20231212,NSW,7,2023,Saturday,02:30,Single,60,Pedestrian,Male,17_to_25
20237007,NT,7,2023,Friday,21:00,Single,100,Pedestrian,Male,26_to_39
20231117,NSW,7,2023,Sunday,13:25,Single,50,Pedestrian,Male,0_to_16
20232096,Vic,7,2023,Saturday,20:13,Single,60,Pedestrian,Male,40_to_64
20231036,NSW,7,2023,Wednesday,18:58,Single,100,Driver,Male,65_to_74
20233117,Qld,7,2023,Friday,03:00,Multiple,110,Driver,Male,65_to_74
20233106,Qld,7,2023,Sunday,14:00,Single,60,Pedestrian,Male,75_or_older
20232165,Vic,7,2023,Sunday,13:40,Single,-9,Pedestrian,Female,75_or_older
20232174,Vic,7,2023,Wednesday,21:09,Single,60,Pedestrian,Female,0_to_16
20231122,NSW,7,2023,Tuesday,09:02,Single,50,Pedestrian,Female,65_to_74
20231053,NSW,7,2023,Wednesday,09:40,Single,60,Pedestrian,Male,75_or_older
20232052,Vic,7,2023,Tuesday,09:00,Single,60,Pedestrian,Male,75_or_older
20232112,Vic,7,2023,Monday,18:12,Single,60,Pedestrian,Female,65_to_74
20232157,Vic,7,2023,Tuesday,19:40,Single,50,Pedestrian,Male,75_or_older
20235061,WA,7,2023,Wednesday,05:30,Multiple,80,Driver,Male,40_to_64
20232086,Vic,7,2023,Saturday,20:59,Multiple,100,Pedestrian,Male,40_to_64
20231067,NSW,7,2023,Saturday,19:45,Multiple,60,Pedestrian,Female,65_to_74
20234059,SA,7,2023,Friday,15:35,Multiple,50,Pedestrian,Male,26_to_39
20233194,Qld,6,2023,Saturday,18:00,Single,60,Driver,Male,17_to_25
20233193,Qld,6,2023,Monday,03:00,Single,100,Driver,Male,17_to_25
20235090,WA,6,2023,Sunday,03:44,Single,-9,Driver,Male,17_to_25
20231144,NSW,6,2023,Sunday,23:30,Single,80,Passenger,Male,17_to_25
20231144,NSW,6,2023,Sunday,23:30,Single,80,Passenger,Male,17_to_25
20236006,Tas,6,2023,Sunday,19:30,Multiple,110,Driver,Male,17_to_25
20231138,NSW,6,2023,Sunday,00:59,Single,50,Driver,Male,17_to_25
20235068,WA,6,2023,Friday,09:17,Single,100,Driver,Male,17_to_25
20231156,NSW,6,2023,Saturday,19:10,Single,50,Motorcycle rider,Male,26_to_39
20235087,WA,6,2023,Wednesday,22:20,Single,60,Pedestrian,Female,26_to_39
20233047,Qld,6,2023,Wednesday,23:00,Multiple,60,Motorcycle rider,Male,26_to_39
20231144,NSW,6,2023,Sunday,23:30,Single,80,Passenger,Male,26_to_39
20231144,NSW,6,2023,Sunday,23:30,Single,80,Passenger,Male,26_to_39
20231144,NSW,6,2023,Sunday,23:30,Single,80,Passenger,Female,26_to_39
20231144,NSW,6,2023,Sunday,23:30,Single,80,Passenger,Female,26_to_39
20231144,NSW,6,2023,Sunday,23:30,Single,80,Passenger,Male,26_to_39
20231144,NSW,6,2023,Sunday,23:30,Single,80,Passenger,Female,26_to_39
20231144,NSW,6,2023,Sunday,23:30,Single,80,Passenger,Female,26_to_39
20233118,Qld,6,2023,Friday,23:00,Multiple,80,Motorcycle rider,Male,26_to_39
20232203,Vic,6,2023,Monday,19:20,Multiple,60,Driver,Female,75_or_older
20235029,WA,6,2023,Tuesday,05:13,Single,110,Driver,Male,26_to_39
20234078,SA,6,2023,Wednesday,03:25,Single,60,Driver,Female,40_to_64
20233089,Qld,6,2023,Saturday,14:00,Multiple,100,Passenger,Female,0_to_16
20233199,Qld,6,2023,Saturday,13:00,Multiple,40,Motorcycle rider,Male,17_to_25
20233032,Qld,6,2023,Sunday,15:00,Multiple,100,Motorcycle rider,Male,17_to_25
20235005,WA,6,2023,Saturday,15:55,Single,70,Motorcycle rider,Male,26_to_39
20231165,NSW,6,2023,Sunday,08:36,Single,100,Passenger,Male,26_to_39
20236015,Tas,6,2023,Saturday,08:39,Multiple,80,Driver,Female,26_to_39
20231110,NSW,6,2023,Saturday,05:48,Multiple,60,Driver,Male,40_to_64
20237002,NT,6,2023,Saturday,13:15,Single,110,Driver,Female,26_to_39
20232161,Vic,6,2023,Saturday,09:45,Single,100,Driver,Female,26_to_39
20231049,NSW,6,2023,Saturday,16:13,Multiple,80,Motorcycle rider,Male,40_to_64
20232148,Vic,6,2023,Saturday,07:00,Single,-9,Driver,Male,40_to_64
20231147,NSW,6,2023,Saturday,14:25,Multiple,50,Motorcycle rider,Male,40_to_64
20231144,NSW,6,2023,Sunday,23:30,Single,80,Passenger,Female,40_to_64
20233056,Qld,6,2023,Monday,05:00,Single,100,Driver,Male,40_to_64
20231230,NSW,6,2023,Sunday,07:10,Single,110,Pedal cyclist,Male,40_to_64
20231161,NSW,6,2023,Sunday,14:55,Multiple,90,Driver,Male,65_to_74
20233034,Qld,6,2023,Sunday,11:00,Multiple,60,Driver,Male,75_or_older
20231015,NSW,6,2023,Saturday,15:53,Multiple,70,Passenger,Male,75_or_older
20235101,WA,6,2023,Saturday,07:00,Single,110,Driver,Male,75_or_older
20231037,NSW,6,2023,Saturday,08:30,Single,60,Driver,Male,75_or_older
20232132,Vic,6,2023,Sunday,16:14,Multiple,-9,Passenger,Female,75_or_older
20232029,Vic,6,2023,Wednesday,08:19,Multiple,110,Passenger,Female,0_to_16
20231090,NSW,6,2023,Friday,06:08,Multiple,80,Driver,Male,17_to_25
20233093,Qld,6,2023,Friday,15:00,Single,60,Motorcycle rider,Female,26_to_39
20235079,WA,6,2023,Thursday,16:08,Single,100,Driver,Male,26_to_39
20231019,NSW,6,2023,Friday,15:15,Single,80,Driver,Male,26_to_39
20233155,Qld,6,2023,Friday,17:00,Multiple,100,Motorcycle rider,Male,26_to_39
20235105,WA,6,2023,Wednesday,12:00,Multiple,110,Driver,Male,26_to_39
20231023,NSW,6,2023,Wednesday,17:44,Single,80,Driver,Male,40_to_64
20231026,NSW,6,2023,Thursday,15:30,Multiple,100,Driver,Female,40_to_64
20233110,Qld,6,2023,Tuesday,15:00,Single,100,Motorcycle rider,Male,40_to_64
20231128,NSW,6,2023,Tuesday,17:37,Single,100,Driver,Male,40_to_64
20232108,Vic,6,2023,Thursday,07:09,Single,100,Driver,Male,40_to_64
20232146,Vic,6,2023,Sunday,04:20,Single,60,Motorcycle rider,Male,17_to_25
20235020,WA,6,2023,Friday,18:40,Single,90,Passenger,Male,17_to_25
20236019,Tas,6,2023,Thursday,11:45,Multiple,100,Driver,Male,40_to_64
20232159,Vic,6,2023,Friday,11:30,Multiple,100,Driver,Female,40_to_64
20233185,Qld,6,2023,Friday,16:00,Multiple,110,Driver,Female,65_to_74
20233126,Qld,6,2023,Thursday,10:00,Single,60,Driver,Female,65_to_74
20231213,NSW,6,2023,Wednesday,12:35,Multiple,100,Driver,Male,65_to_74
20233216,Qld,6,2023,Thursday,22:00,Single,60,Driver,Male,17_to_25
20231246,NSW,6,2023,Thursday,07:06,Single,100,Driver,Male,65_to_74
20233096,Qld,6,2023,Monday,23:00,Single,50,Motorcycle rider,Male,26_to_39
20233121,Qld,6,2023,Friday,02:00,Multiple,100,Driver,Male,26_to_39
20235085,WA,6,2023,Thursday,22:45,Single,110,Pedestrian,Female,26_to_39
20231114,NSW,6,2023,Tuesday,13:40,Single,50,Driver,Male,75_or_older
20232006,Vic,6,2023,Thursday,19:18,Multiple,80,Motorcycle rider,Male,26_to_39
20234086,SA,6,2023,Friday,00:30,Single,50,Motorcycle rider,Male,26_to_39
20233142,Qld,6,2023,Thursday,09:00,Multiple,100,Driver,Male,75_or_older
20231048,NSW,6,2023,Tuesday,16:42,Multiple,80,Driver,Male,75_or_older
20231080,NSW,6,2023,Tuesday,18:30,Multiple,50,Pedal cyclist,Male,40_to_64
20232107,Vic,6,2023,Friday,16:55,Multiple,-9,Motorcycle rider,Male,17_to_25
20232127,Vic,6,2023,Friday,09:45,Single,-9,Driver,Female,65_to_74
20233004,Qld,6,2023,Wednesday,05:00,Multiple,70,Motorcycle rider,Male,40_to_64
20233069,Qld,6,2023,Friday,03:00,,40,Driver,Male,40_to_64
20237004,NT,6,2023,Friday,04:37,Single,100,Pedestrian,Male,40_to_64
20231050,NSW,6,2023,Sunday,06:55,Single,60,Pedestrian,Female,65_to_74
20231137,NSW,6,2023,Sunday,21:10,Single,80,Pedestrian,Male,40_to_64
20232133,Vic,6,2023,Monday,07:05,Single,40,Pedestrian,Male,26_to_39
20233161,Qld,6,2023,Sunday,23:00,Single,60,Pedestrian,Male,0_to_16
20231120,NSW,6,2023,Tuesday,17:49,Single,50,Pedestrian,Male,40_to_64
20232137,Vic,6,2023,Wednesday,16:12,Single,60,Pedestrian,Female,40_to_64
20232088,Vic,6,2023,Friday,15:06,Single,60,Pedestrian,Male,65_to_74
20232033,Vic,6,2023,Thursday,06:40,Single,-9,Pedestrian,Female,75_or_older
20231060,NSW,6,2023,Wednesday,14:53,Single,50,Pedestrian,Female,75_or_older
20233037,Qld,6,2023,Monday,10:00,Single,10,Pedestrian,Male,0_to_16
20236021,Tas,6,2023,Friday,05:04,Single,60,Pedestrian,Male,65_to_74
20234021,SA,6,2023,Thursday,18:57,Single,60,Pedestrian,Male,75_or_older
20232024,Vic,6,2023,Thursday,22:30,Multiple,-9,Pedestrian,Male,17_to_25
20233091,Qld,5,2023,Sunday,18:00,Multiple,100,Driver,Male,17_to_25
20233091,Qld,5,2023,Sunday,18:00,Multiple,100,Driver,Male,17_to_25
20233150,Qld,5,2023,Saturday,19:00,Multiple,100,Pedal cyclist,Male,17_to_25
20232003,Vic,5,2023,Sunday,23:35,Single,70,Driver,Female,17_to_25
20232163,Vic,5,2023,Saturday,01:30,Single,100,Driver,U,-9
20235063,WA,5,2023,Sunday,19:25,Single,100,Pedestrian,Female,26_to_39
20233002,Qld,5,2023,Wednesday,02:00,Single,100,Passenger,Female,26_to_39
20236001,Tas,5,2023,Thursday,19:35,Multiple,110,Driver,Male,40_to_64
20232078,Vic,5,2023,Monday,22:40,Multiple,70,Passenger,U,-9
20236009,Tas,5,2023,Thursday,21:39,Multiple,70,Driver,Male,26_to_39
20233130,Qld,5,2023,Saturday,11:00,Multiple,80,Motorcycle rider,Male,17_to_25
20233112,Qld,5,2023,Saturday,11:00,Single,80,Driver,Female,17_to_25
20233160,Qld,5,2023,Sunday,06:00,Single,100,Driver,Male,26_to_39
20233077,Qld,5,2023,Monday,05:00,Multiple,100,Driver,Male,40_to_64
20233122,Qld,5,2023,Sunday,17:00,Multiple,60,Motorcycle rider,Male,40_to_64
20232162,Vic,5,2023,Saturday,16:52,Single,100,Passenger,Male,40_to_64
20231047,NSW,5,2023,Sunday,11:30,Single,80,Driver,Male,40_to_64
20232018,Vic,5,2023,Saturday,13:09,Single,80,Driver,Male,40_to_64
20232192,Vic,5,2023,Sunday,07:15,Single,50,Passenger,Female,40_to_64
20232192,Vic,5,2023,Sunday,07:15,Single,50,Driver,Male,40_to_64
20236017,Tas,5,2023,Saturday,23:27,Single,80,Driver,Male,40_to_64
20231209,NSW,5,2023,Sunday,11:32,Single,100,Driver,Male,65_to_74
20235055,WA,5,2023,Saturday,09:18,Single,60,Driver,Male,75_or_older
20235110,WA,5,2023,Sunday,07:37,Single,110,Driver,Male,17_to_25
20231001,NSW,5,2023,Saturday,17:58,Multiple,80,Passenger,Female,0_to_16
20235096,WA,5,2023,Saturday,16:47,Single,80,Motorcycle rider,Male,40_to_64
20235078,WA,5,2023,Monday,17:20,Single,70,Motorcycle rider,Male,17_to_25
20232139,Vic,5,2023,Thursday,08:00,Multiple,100,Driver,Male,17_to_25
20231106,NSW,5,2023,Saturday,22:00,Single,100,Driver,Male,65_to_74
20231228,NSW,5,2023,Tuesday,07:00,Multiple,80,Driver,Male,17_to_25
20232053,Vic,5,2023,Tuesday,15:03,Multiple,80,Driver,Male,17_to_25
20232039,Vic,5,2023,Thursday,16:57,Multiple,100,Driver,Male,26_to_39
20234013,SA,5,2023,Wednesday,15:39,Multiple,60,Motorcycle rider,Male,26_to_39
20233030,Qld,5,2023,Wednesday,15:00,Multiple,60,Motorcycle rider,Male,26_to_39
20231091,NSW,5,2023,Thursday,13:40,Multiple,100,Driver,Male,26_to_39
20234015,SA,5,2023,Friday,07:14,Single,110,Driver,Female,26_to_39
20232093,Vic,5,2023,Wednesday,17:49,Multiple,100,Driver,Female,26_to_39
20232163,Vic,5,2023,Saturday,01:30,Single,100,Passenger,U,-9
20232163,Vic,5,2023,Saturday,01:30,Single,100,Passenger,U,-9
20231033,NSW,5,2023,Monday,10:05,Multiple,100,Driver,Male,40_to_64
20233045,Qld,5,2023,Tuesday,07:00,Multiple,40,Pedal cyclist,Male,40_to_64
20231133,NSW,5,2023,Thursday,14:10,Single,50,Driver,Male,40_to_64
20231021,NSW,5,2023,Friday,16:45,Multiple,100,Driver,Male,40_to_64
20235049,WA,5,2023,Friday,20:55,Single,20,Pedal cyclist,Male,65_to_74
20233064,Qld,5,2023,Monday,11:00,Multiple,100,Driver,Male,40_to_64
20232015,Vic,5,2023,Tuesday,06:26,Multiple,100,Driver,Male,40_to_64
20234018,SA,5,2023,Friday,11:03,Single,110,Passenger,Male,40_to_64
20234018,SA,5,2023,Friday,11:03,Single,110,Driver,Female,40_to_64
20232100,Vic,5,2023,Friday,23:03,Multiple,70,Driver,Female,40_to_64
20232163,Vic,5,2023,Saturday,01:30,Single,100,Passenger,U,-9
20234046,SA,5,2023,Thursday,17:03,Multiple,80,Motorcycle rider,Male,40_to_64
20233211,Qld,5,2023,Friday,15:00,Multiple,60,Driver,Female,40_to_64
20233071,Qld,5,2023,Monday,12:00,Multiple,50,Motorcycle rider,Male,40_to_64
20234053,SA,5,2023,Thursday,17:35,Multiple,110,Driver,Male,40_to_64
20234011,SA,5,2023,Friday,18:43,Multiple,110,Driver,Female,17_to_25
20231252,NSW,5,2023,Tuesday,07:00,Single,100,Driver,Male,40_to_64
20233181,Qld,5,2023,Thursday,12:00,Multiple,110,Motorcycle rider,Male,40_to_64
20233082,Qld,5,2023,Friday,11:00,Multiple,70,Motorcycle rider,Male,40_to_64
20232212,Vic,5,2023,Friday,18:05,Single,100,Driver,Male,17_to_25
20233138,Qld,5,2023,Saturday,20:00,Single,100,Driver,Male,17_to_25
20233055,Qld,5,2023,Tuesday,05:00,Multiple,100,Passenger,Female,17_to_25
20234077,SA,5,2023,Thursday,21:56,Single,100,Driver,Female,17_to_25
20233031,Qld,5,2023,Wednesday,01:00,Single,100,Motorcycle rider,Male,17_to_25
20231255,NSW,5,2023,Friday,11:39,Single,100,Driver,Male,65_to_74
20231124,NSW,5,2023,Friday,10:30,Single,100,Passenger,Male,65_to_74
20231269,NSW,5,2023,Thursday,18:40,Multiple,50,Driver,Male,17_to_25
20231041,NSW,5,2023,Tuesday,17:00,Multiple,60,Driver,Male,65_to_74
20233100,Qld,5,2023,Friday,09:00,Single,5,Pedal cyclist,Male,65_to_74
20232051,Vic,5,2023,Monday,19:49,Single,100,Passenger,Female,26_to_39
20232078,Vic,5,2023,Monday,22:40,Multiple,70,Driver,Male,26_to_39
20233170,Qld,5,2023,Friday,03:00,Single,90,Driver,Male,26_to_39
20231247,NSW,5,2023,Tuesday,15:15,Multiple,100,Driver,Male,75_or_older
20232009,Vic,5,2023,Friday,17:50,Multiple,80,Driver,Female,75_or_older
20231142,NSW,5,2023,Thursday,19:00,Single,80,Motorcycle rider,Male,26_to_39
20232195,Vic,5,2023,Wednesday,18:20,Multiple,100,Driver,Male,26_to_39
20233027,Qld,5,2023,Wednesday,11:00,Multiple,80,Driver,Male,75_or_older
20233197,Qld,5,2023,Tuesday,05:00,Single,100,Driver,Male,40_to_64
20233014,Qld,5,2023,Thursday,20:00,Single,100,Motorcycle rider,Male,40_to_64
20235033,WA,5,2023,Wednesday,09:30,Single,110,Motorcycle rider,Male,75_or_older
20234027,SA,5,2023,Monday,09:35,Single,60,Driver,Male,75_or_older
20232089,Vic,5,2023,Friday,11:45,Multiple,100,Passenger,Female,75_or_older
20235039,WA,5,2023,Thursday,01:11,Single,110,Driver,Male,40_to_64
20235078,WA,5,2023,Monday,17:20,Single,70,Driver,Male,26_to_39
20232012,Vic,5,2023,Tuesday,16:30,Multiple,100,Driver,Female,40_to_64
20232085,Vic,5,2023,Monday,12:15,Single,60,Driver,Male,75_or_older
20232208,Vic,5,2023,Monday,08:40,Multiple,110,Passenger,Female,26_to_39
20235114,WA,5,2023,Tuesday,16:45,Single,110,Motorcycle rider,Male,17_to_25
20235088,WA,5,2023,Tuesday,12:32,Single,60,Driver,Male,75_or_older
20232076,Vic,5,2023,Wednesday,10:26,Multiple,80,Driver,Male,75_or_older
20235108,WA,5,2023,Thursday,12:40,Single,60,Motorcycle rider,Male,17_to_25
20235042,WA,5,2023,Wednesday,19:50,Single,60,Pedal cyclist,Male,40_to_64
20231054,NSW,5,2023,Wednesday,18:45,Single,50,Pedestrian,Male,26_to_39
20232181,Vic,5,2023,Tuesday,05:37,Single,70,Pedestrian,Male,26_to_39
20232056,Vic,5,2023,Wednesday,19:50,Single,60,Pedestrian,Male,40_to_64
20234073,SA,5,2023,Saturday,19:45,Single,80,Pedestrian,Female,40_to_64
20233151,Qld,5,2023,Saturday,03:00,Single,100,Pedestrian,Male,40_to_64
20231104,NSW,5,2023,Wednesday,18:55,Multiple,100,Driver,Male,75_or_older
20231140,NSW,5,2023,Tuesday,09:50,Single,90,Pedestrian,Male,40_to_64
20231008,NSW,5,2023,Wednesday,11:00,Single,110,Pedestrian,Male,40_to_64
20232135,Vic,5,2023,Wednesday,10:20,Single,50,Pedestrian,Female,75_or_older
20231225,NSW,5,2023,Thursday,00:42,Single,100,Pedestrian,Male,26_to_39
20233023,Qld,5,2023,Thursday,16:00,Single,40,Pedestrian,Male,75_or_older
20231054,NSW,5,2023,Wednesday,18:45,Single,50,Pedestrian,Male,40_to_64
20233214,Qld,5,2023,Friday,02:00,Single,60,Pedestrian,Male,65_to_74
20234028,SA,5,2023,Monday,19:30,Single,40,Pedestrian,Female,65_to_74
20231183,NSW,5,2023,Wednesday,23:58,Single,40,Pedestrian,Female,0_to_16
20235070,WA,5,2023,Thursday,19:00,Single,-9,Driver,Male,26_to_39
20233108,Qld,5,2023,Wednesday,18:00,Multiple,50,Pedestrian,Female,40_to_64
20233205,Qld,4,2023,Friday,23:00,Single,60,Driver,Male,17_to_25
20231232,NSW,4,2023,Saturday,19:00,Single,100,Driver,Male,17_to_25
20233070,Qld,4,2023,Sunday,22:00,Multiple,80,Driver,Female,17_to_25
20231032,NSW,4,2023,Saturday,00:55,Multiple,110,Driver,Male,17_to_25
20232027,Vic,4,2023,Sunday,20:50,Single,60,Driver,Female,17_to_25
20233189,Qld,4,2023,Friday,18:00,Single,70,Driver,Male,17_to_25
20233070,Qld,4,2023,Sunday,22:00,Multiple,80,Passenger,Female,26_to_39
20234060,SA,4,2023,Tuesday,22:26,Multiple,80,Motorcycle rider,Male,26_to_39
20232187,Vic,4,2023,Tuesday,05:45,Multiple,80,Motorcycle rider,Male,26_to_39
20232040,Vic,4,2023,Tuesday,01:00,Single,50,Driver,Male,26_to_39
20233070,Qld,4,2023,Sunday,22:00,Multiple,80,Driver,Female,40_to_64
20231221,NSW,4,2023,Monday,20:00,Single,100,Driver,Male,40_to_64
20234004,SA,4,2023,Saturday,19:13,Single,80,Driver,Female,26_to_39
20232070,Vic,4,2023,Saturday,00:21,Multiple,70,Passenger,Female,26_to_39
20231187,NSW,4,2023,Sunday,12:09,Single,110,Passenger,Female,17_to_25
20231152,NSW,4,2023,Saturday,10:00,Single,60,Driver,Male,17_to_25
20235064,WA,4,2023,Sunday,19:12,Single,60,Pedestrian,Male,26_to_39
20231073,NSW,4,2023,Saturday,16:54,Multiple,50,Passenger,Male,26_to_39
20236010,Tas,4,2023,Sunday,06:25,Single,100,Driver,Female,26_to_39
20237013,NT,4,2023,Saturday,06:00,Single,110,Passenger,Male,26_to_39
20233158,Qld,4,2023,Sunday,22:00,Single,100,Passenger,Male,40_to_64
20235043,WA,4,2023,Monday,11:39,Single,70,Motorcycle rider,Male,40_to_64
20231101,NSW,4,2023,Saturday,14:29,Multiple,50,Driver,Female,40_to_64
20233172,Qld,4,2023,Saturday,06:00,Single,80,Driver,Male,40_to_64
20235115,WA,4,2023,Sunday,08:45,Single,110,Driver,Male,40_to_64
20235093,WA,4,2023,Sunday,07:10,Single,110,Driver,Male,40_to_64
20233105,Qld,4,2023,Thursday,11:00,Multiple,100,Motorcycle rider,Male,17_to_25
20231189,NSW,4,2023,Tuesday,15:50,Multiple,50,Motorcycle rider,Male,17_to_25
20232028,Vic,4,2023,Thursday,14:28,Multiple,100,Passenger,Female,17_to_25
20232028,Vic,4,2023,Thursday,14:28,Multiple,100,Passenger,Male,17_to_25
20231118,NSW,4,2023,Saturday,18:10,Single,100,Driver,Male,75_or_older
20233127,Qld,4,2023,Monday,13:00,Multiple,100,Driver,Male,17_to_25
20231259,NSW,4,2023,Thursday,14:30,Single,70,Driver,Male,17_to_25
20231076,NSW,4,2023,Friday,09:25,Multiple,100,Motorcycle rider,Female,17_to_25
20231084,NSW,4,2023,Friday,06:45,Multiple,100,Passenger,Male,17_to_25
20231084,NSW,4,2023,Friday,06:45,Multiple,100,Driver,Male,17_to_25
20234091,SA,4,2023,Friday,15:26,Single,60,Driver,Male,26_to_39
20232046,Vic,4,2023,Wednesday,15:55,Single,100,Driver,Male,26_to_39
20235054,WA,4,2023,Wednesday,11:23,Multiple,70,Passenger,Female,26_to_39
20232028,Vic,4,2023,Thursday,14:28,Multiple,100,Passenger,Female,26_to_39
20232028,Vic,4,2023,Thursday,14:28,Multiple,100,Passenger,Female,26_to_39
20232204,Vic,4,2023,Sunday,19:12,Single,80,Passenger,Male,26_to_39
20235107,WA,4,2023,Friday,19:00,Single,60,Pedestrian,Female,75_or_older
20234031,SA,4,2023,Tuesday,15:02,Multiple,50,Pedal cyclist,Male,40_to_64
20231196,NSW,4,2023,Wednesday,09:28,Single,90,Driver,Male,40_to_64
20232209,Vic,4,2023,Thursday,14:30,Single,-9,Driver,Male,40_to_64
20231261,NSW,4,2023,Thursday,10:50,Multiple,100,Motorcycle rider,Male,40_to_64
20232123,Vic,4,2023,Monday,06:35,Multiple,50,Driver,Male,40_to_64
20231094,NSW,4,2023,Wednesday,13:15,Single,100,Driver,Male,40_to_64
20232028,Vic,4,2023,Thursday,14:28,Multiple,100,Driver,Female,40_to_64
20232128,Vic,4,2023,Saturday,03:34,Multiple,60,Driver,Male,17_to_25
20232140,Vic,4,2023,Saturday,02:05,Multiple,60,Passenger,Male,0_to_16
20232204,Vic,4,2023,Sunday,19:12,Single,80,Passenger,Male,0_to_16
20231139,NSW,4,2023,Tuesday,23:09,Single,60,Passenger,Male,0_to_16
20231139,NSW,4,2023,Tuesday,23:09,Single,60,Passenger,Male,0_to_16
20231139,NSW,4,2023,Tuesday,23:09,Single,60,Passenger,Male,0_to_16
20231121,NSW,4,2023,Monday,13:04,Single,100,Driver,Male,40_to_64
20235053,WA,4,2023,Friday,17:04,Single,90,Driver,Male,40_to_64
20231084,NSW,4,2023,Friday,06:45,Multiple,100,Passenger,Male,40_to_64
20231084,NSW,4,2023,Friday,06:45,Multiple,100,Driver,Female,40_to_64
20233073,Qld,4,2023,Thursday,09:00,Multiple,80,Motorcycle rider,Male,65_to_74
20233217,Qld,4,2023,Thursday,08:00,Single,50,Driver,Male,65_to_74
20231136,NSW,4,2023,Monday,06:45,Multiple,110,Driver,Female,65_to_74
20233114,Qld,4,2023,Tuesday,02:00,Single,60,Motorcycle rider,Male,26_to_39
20231139,NSW,4,2023,Tuesday,23:09,Single,60,Driver,Female,26_to_39
20233207,Qld,4,2023,Wednesday,14:00,Single,50,Motorcycle rider,Male,75_or_older
20232118,Vic,4,2023,Tuesday,01:11,Single,80,Driver,Male,40_to_64
20235092,WA,4,2023,Tuesday,10:52,Single,50,Pedestrian,Male,75_or_older
20235024,WA,4,2023,Thursday,09:26,Single,70,Driver,Male,75_or_older
20231163,NSW,4,2023,Friday,14:19,Multiple,100,Driver,Female,75_or_older
20231188,NSW,4,2023,Wednesday,10:55,Multiple,80,Passenger,Female,75_or_older
20235009,WA,4,2023,Wednesday,12:39,Single,80,Driver,Male,75_or_older
20232194,Vic,4,2023,Monday,17:25,Multiple,60,Motorcycle rider,Male,17_to_25
20236024,Tas,4,2023,Friday,09:19,Multiple,100,Passenger,Female,26_to_39
20232049,Vic,4,2023,Tuesday,20:45,Multiple,80,Motorcycle rider,Male,40_to_64
20233140,Qld,4,2023,Wednesday,19:00,Single,100,Driver,Female,40_to_64
20232032,Vic,4,2023,Tuesday,16:02,Single,50,Motorcycle rider,Male,17_to_25
20233186,Qld,4,2023,Saturday,23:00,Single,60,Pedestrian,Male,17_to_25
20234043,SA,4,2023,Thursday,02:00,Single,80,Driver,Male,40_to_64
20233206,Qld,4,2023,Saturday,19:00,Single,60,Pedestrian,Male,40_to_64
20231223,NSW,4,2023,Sunday,08:20,Single,60,Pedestrian,Female,65_to_74
20234049,SA,4,2023,Friday,20:20,Single,60,Pedestrian,Male,65_to_74
20235048,WA,4,2023,Monday,22:50,Single,50,Passenger,Female,75_or_older
20231039,NSW,4,2023,Thursday,07:30,Single,50,Pedestrian,Male,65_to_74
20231085,NSW,4,2023,Friday,15:30,Single,50,Pedestrian,Male,75_or_older
20231070,NSW,4,2023,Wednesday,17:10,Single,50,Pedestrian,Male,75_or_older
20233074,Qld,4,2023,Wednesday,04:00,Single,80,Pedestrian,Male,40_to_64
20231115,NSW,4,2023,Monday,23:28,Single,50,Pedestrian,Male,26_to_39
20233084,Qld,4,2023,Thursday,18:00,Single,60,Pedestrian,Female,65_to_74
20231005,NSW,4,2023,Thursday,17:45,Multiple,50,Pedestrian,Male,40_to_64
20231190,NSW,4,2023,Thursday,10:44,Multiple,50,Pedestrian,Female,65_to_74
20231062,NSW,4,2023,Thursday,19:20,Multiple,70,Pedestrian,Male,40_to_64
20235095,WA,3,2023,Saturday,00:50,Single,110,Driver,Male,17_to_25
20233079,Qld,3,2023,Saturday,03:00,Single,80,Driver,Female,17_to_25
20233210,Qld,3,2023,Saturday,21:00,Multiple,50,Motorcycle rider,Male,17_to_25
20233039,Qld,3,2023,Saturday,20:00,Single,100,Driver,Male,17_to_25
20232077,Vic,3,2023,Saturday,05:54,Multiple,100,Driver,Male,26_to_39
20231258,NSW,3,2023,Thursday,23:00,Multiple,70,Driver,Male,17_to_25
20231103,NSW,3,2023,Friday,19:13,Multiple,50,Motorcycle rider,Male,26_to_39
20233062,Qld,3,2023,Monday,04:00,Multiple,40,Motorcycle rider,Male,26_to_39
20235034,WA,3,2023,Friday,23:09,Single,60,Driver,Female,65_to_74
20231042,NSW,3,2023,Saturday,09:50,Single,100,Driver,Male,0_to_16
20232084,Vic,3,2023,Sunday,17:24,Single,100,Driver,Male,17_to_25
20232041,Vic,3,2023,Sunday,13:00,Single,100,Motorcycle rider,Male,17_to_25
20231125,NSW,3,2023,Saturday,06:10,Single,100,Driver,Male,17_to_25
20231082,NSW,3,2023,Saturday,13:55,Single,80,Motorcycle rider,Male,26_to_39
20233024,Qld,3,2023,Saturday,17:00,Multiple,60,Motorcycle rider,Male,26_to_39
20231175,NSW,3,2023,Saturday,13:35,Single,80,Motorcycle rider,Male,40_to_64
20233067,Qld,3,2023,Saturday,10:00,Multiple,50,Motorcycle rider,Male,40_to_64
20235116,WA,3,2023,Sunday,14:48,Single,90,Motorcycle rider,Male,65_to_74
20234079,SA,3,2023,Saturday,00:30,Multiple,80,Passenger,Female,40_to_64
20231061,NSW,3,2023,Saturday,21:30,Single,100,Driver,Male,40_to_64
20234010,SA,3,2023,Saturday,21:52,Multiple,60,Driver,Female,40_to_64
20232113,Vic,3,2023,Saturday,11:19,Multiple,80,Passenger,Male,75_or_older
20232113,Vic,3,2023,Saturday,11:19,Multiple,80,Driver,Female,75_or_older
20231064,NSW,3,2023,Sunday,15:00,Multiple,60,Driver,Male,75_or_older
20235071,WA,3,2023,Saturday,13:19,Single,80,Driver,Male,17_to_25
20232182,Vic,3,2023,Saturday,11:50,Multiple,40,Passenger,Female,0_to_16
20231151,NSW,3,2023,Monday,11:20,Multiple,110,Passenger,Female,0_to_16
20231151,NSW,3,2023,Monday,11:20,Multiple,110,Passenger,Male,0_to_16
20232121,Vic,3,2023,Tuesday,13:10,Single,110,Motorcycle rider,Male,17_to_25
20234030,SA,3,2023,Friday,11:10,Multiple,60,Motorcycle rider,Male,17_to_25
20235102,WA,3,2023,Thursday,05:53,Single,110,Driver,Male,40_to_64
20232160,Vic,3,2023,Thursday,17:20,Multiple,100,Passenger,Male,17_to_25
20232160,Vic,3,2023,Thursday,17:20,Multiple,100,Driver,Male,17_to_25
20233038,Qld,3,2023,Tuesday,08:00,Multiple,70,Motorcycle rider,Male,17_to_25
20231111,NSW,3,2023,Wednesday,06:00,Single,110,Driver,Male,17_to_25
20231097,NSW,3,2023,Tuesday,08:30,Multiple,80,Driver,Female,17_to_25
20233113,Qld,3,2023,Friday,16:00,Multiple,100,Motorcycle rider,Male,17_to_25
20235058,WA,3,2023,Wednesday,10:34,Single,110,Driver,Male,26_to_39
20231151,NSW,3,2023,Monday,11:20,Multiple,110,Driver,Female,26_to_39
20231241,NSW,3,2023,Monday,10:20,Single,80,Driver,Male,26_to_39
20233107,Qld,3,2023,Monday,13:00,Single,100,Driver,Male,26_to_39
20232177,Vic,3,2023,Friday,07:23,Multiple,80,Driver,Male,26_to_39
20231146,NSW,3,2023,Monday,10:34,Single,110,Driver,Female,26_to_39
20231260,NSW,3,2023,Wednesday,14:20,Multiple,60,Motorcycle rider,Male,26_to_39
20234012,SA,3,2023,Wednesday,07:32,Multiple,110,Driver,Male,26_to_39
20234012,SA,3,2023,Wednesday,07:32,Multiple,110,Driver,Female,26_to_39
20233188,Qld,3,2023,Wednesday,13:00,Single,60,Driver,Male,26_to_39
20231206,NSW,3,2023,Tuesday,08:50,Multiple,80,Driver,Female,26_to_39
20233179,Qld,3,2023,Tuesday,12:00,Single,80,Driver,Male,40_to_64
20235002,WA,3,2023,Tuesday,10:10,Single,110,Driver,Male,40_to_64
20235022,WA,3,2023,Thursday,13:28,Single,110,Motorcycle rider,Male,40_to_64
20231043,NSW,3,2023,Tuesday,12:55,Multiple,50,Motorcycle rider,Male,40_to_64
20234042,SA,3,2023,Wednesday,06:39,Single,60,Pedal cyclist,Male,40_to_64
20232214,Vic,3,2023,Sunday,01:15,Multiple,80,Passenger,Female,17_to_25
20231171,NSW,3,2023,Sunday,18:00,Single,100,Driver,Male,75_or_older
20233025,Qld,3,2023,Saturday,00:00,Multiple,60,Motorcycle rider,Male,26_to_39
20233165,Qld,3,2023,Tuesday,12:00,Single,100,Driver,Male,40_to_64
20234084,SA,3,2023,Friday,17:42,Single,80,Motorcycle rider,Male,40_to_64
20232213,Vic,3,2023,Friday,15:05,Multiple,30,Motorcycle rider,Male,40_to_64
20235004,WA,3,2023,Saturday,01:23,Single,80,Motorcycle rider,Male,40_to_64
20234054,SA,3,2023,Monday,13:40,Multiple,110,Driver,Male,40_to_64
20231010,NSW,3,2023,Friday,13:40,Multiple,60,Motorcycle rider,Male,40_to_64
20231061,NSW,3,2023,Saturday,21:30,Single,100,Passenger,Female,0_to_16
20231061,NSW,3,2023,Saturday,21:30,Single,100,Passenger,Male,0_to_16
20233026,Qld,3,2023,Monday,11:00,Multiple,100,Driver,Male,40_to_64
20235013,WA,3,2023,Tuesday,00:41,Single,80,Driver,Male,17_to_25
20236008,Tas,3,2023,Wednesday,06:48,Multiple,80,Driver,Male,65_to_74
20234057,SA,3,2023,Thursday,13:47,Single,80,Driver,Female,65_to_74
20235067,WA,3,2023,Thursday,09:03,Single,100,Driver,Male,65_to_74
20231217,NSW,3,2023,Friday,05:50,Single,110,Driver,Male,17_to_25
20234039,SA,3,2023,Tuesday,07:49,Multiple,100,Driver,Male,65_to_74
20234020,SA,3,2023,Tuesday,11:22,Multiple,110,Driver,Male,65_to_74
20233111,Qld,3,2023,Thursday,07:00,Multiple,80,Motorcycle rider,Male,65_to_74
20231129,NSW,3,2023,Monday,10:45,Multiple,70,Driver,Female,65_to_74
20232193,Vic,3,2023,Thursday,21:23,Single,40,Passenger,Female,26_to_39
20231201,NSW,3,2023,Thursday,12:15,Multiple,50,Driver,Female,75_or_older
20231167,NSW,3,2023,Wednesday,16:50,Multiple,60,Driver,Male,75_or_older
20231253,NSW,3,2023,Friday,15:40,Single,40,Passenger,Male,75_or_older
20233116,Qld,3,2023,Thursday,11:00,Single,100,Driver,Male,75_or_older
20234054,SA,3,2023,Monday,13:40,Multiple,110,Passenger,Male,75_or_older
20236022,Tas,3,2023,Thursday,12:46,Single,90,Driver,Female,75_or_older
20234080,SA,3,2023,Friday,12:45,Multiple,60,Driver,Female,75_or_older
20232034,Vic,3,2023,Wednesday,00:16,Single,100,Driver,Male,40_to_64
20231170,NSW,3,2023,Wednesday,14:20,Multiple,60,Driver,Male,75_or_older
20232091,Vic,3,2023,Tuesday,08:30,Single,100,Driver,Male,65_to_74
20235047,WA,3,2023,Friday,16:51,Single,110,Driver,Male,26_to_39
20234074,SA,3,2023,Friday,14:38,Multiple,110,Motorcycle rider,Male,65_to_74
20235074,WA,3,2023,Friday,09:45,Single,90,Motorcycle rider,Male,65_to_74
20232210,Vic,3,2023,Thursday,13:05,Single,60,Passenger,Female,26_to_39
20232152,Vic,3,2023,Thursday,08:50,Single,60,Passenger,Female,0_to_16
20235018,WA,3,2023,Tuesday,17:08,Single,70,Pedal cyclist,Male,40_to_64
20235106,WA,3,2023,Friday,15:54,Single,80,Motorcycle rider,Male,0_to_16
20232067,Vic,3,2023,Wednesday,06:43,Multiple,60,Pedal cyclist,Male,17_to_25
20237014,NT,3,2023,Wednesday,20:50,Single,70,Pedestrian,Female,40_to_64
20232010,Vic,3,2023,Saturday,03:08,Single,100,Pedestrian,Male,40_to_64
20234064,SA,3,2023,Saturday,06:15,Single,20,Pedestrian,Female,40_to_64
20237001,NT,3,2023,Thursday,16:45,Single,130,Pedestrian,Male,40_to_64
20231020,NSW,3,2023,Friday,17:46,Single,50,Pedestrian,Female,40_to_64
20231177,NSW,3,2023,Thursday,21:14,Single,80,Pedestrian,Male,17_to_25
20232172,Vic,3,2023,Wednesday,09:24,Single,80,Pedestrian,Female,65_to_74
20233184,Qld,3,2023,Friday,01:00,Single,110,Pedestrian,Male,26_to_39
20234061,SA,3,2023,Thursday,19:47,Single,80,Pedestrian,Male,40_to_64
20234055,SA,3,2023,Monday,18:50,Single,60,Pedestrian,Female,40_to_64
20231123,NSW,3,2023,Wednesday,14:09,Single,50,Pedestrian,Male,75_or_older
20232097,Vic,3,2023,Wednesday,09:45,Single,60,Pedestrian,Male,75_or_older
20231102,NSW,3,2023,Tuesday,17:20,Single,100,Pedestrian,Male,17_to_25
20231079,NSW,3,2023,Wednesday,19:50,Multiple,50,Driver,Male,17_to_25
20233020,Qld,3,2023,Friday,00:00,Single,100,Driver,Male,40_to_64
20231132,NSW,3,2023,Monday,19:45,Single,50,Pedestrian,Male,75_or_older
20233125,Qld,3,2023,Friday,05:00,Single,100,Pedestrian,Male,17_to_25
20235080,WA,3,2023,Monday,22:31,Single,70,Driver,Female,40_to_64
20231112,NSW,3,2023,Tuesday,20:26,Multiple,60,Pedestrian,Female,40_to_64
20231231,NSW,2,2023,Saturday,22:15,Single,100,Driver,Male,17_to_25
20233143,Qld,2,2023,Friday,23:00,Single,100,Driver,Male,17_to_25
20233043,Qld,2,2023,Saturday,23:00,Single,100,Driver,Male,17_to_25
20232211,Vic,2,2023,Wednesday,20:01,Single,80,Motorcycle rider,Male,26_to_39
20231162,NSW,2,2023,Monday,23:20,Single,110,Driver,Male,26_to_39
20234023,SA,2,2023,Friday,23:00,Single,110,Driver,Male,26_to_39
20235007,WA,2,2023,Saturday,23:55,Single,110,Driver,Male,26_to_39
20238002,ACT,2,2023,Tuesday,02:45,Single,60,Driver,Male,40_to_64
20233209,Qld,2,2023,Friday,22:00,Single,60,Passenger,Female,40_to_64
20233212,Qld,2,2023,Sunday,08:00,Multiple,50,Passenger,Female,17_to_25
20233139,Qld,2,2023,Saturday,13:00,Multiple,70,Motorcycle rider,Male,26_to_39
20231222,NSW,2,2023,Sunday,06:55,Single,80,Driver,Female,26_to_39
20231222,NSW,2,2023,Sunday,06:55,Single,80,Passenger,Male,26_to_39
20231141,NSW,2,2023,Sunday,12:49,Multiple,60,Motorcycle rider,Male,26_to_39
20234014,SA,2,2023,Friday,22:00,Single,100,Driver,Male,40_to_64
20232002,Vic,2,2023,Sunday,07:43,Single,60,Motorcycle rider,Male,26_to_39
20231238,NSW,2,2023,Saturday,13:00,Multiple,100,Driver,Female,26_to_39
20231035,NSW,2,2023,Sunday,11:40,Single,100,Driver,Male,26_to_39
20231119,NSW,2,2023,Saturday,22:40,Single,50,Motorcycle rider,Male,40_to_64
20232073,Vic,2,2023,Sunday,12:15,Single,100,Driver,Male,40_to_64
20235056,WA,2,2023,Saturday,08:05,Single,110,Driver,Male,40_to_64
20235113,WA,2,2023,Sunday,06:55,Single,60,Motorcycle rider,Male,40_to_64
20231226,NSW,2,2023,Saturday,11:10,Multiple,60,Pedal cyclist,Male,40_to_64
20231198,NSW,2,2023,Saturday,14:33,Multiple,100,Driver,Male,40_to_64
20234056,SA,2,2023,Sunday,19:00,Single,100,Driver,Male,40_to_64
20233218,Qld,2,2023,Saturday,07:00,Multiple,100,Driver,Male,40_to_64
20233159,Qld,2,2023,Saturday,08:00,Multiple,100,Driver,Female,65_to_74
20236027,Tas,2,2023,Sunday,15:00,Single,100,Motorcycle rider,Male,65_to_74
20233129,Qld,2,2023,Saturday,14:00,Single,100,Passenger,Female,75_or_older
20232169,Vic,2,2023,Saturday,15:59,Multiple,60,Passenger,Male,75_or_older
20231264,NSW,2,2023,Sunday,10:00,Multiple,10,Driver,Male,75_or_older
20231203,NSW,2,2023,Sunday,13:00,Single,100,Motorcycle rider,Male,65_to_74
20232199,Vic,2,2023,Saturday,14:58,Single,50,Motorcycle rider,Male,17_to_25
20235003,WA,2,2023,Sunday,09:08,Multiple,110,Motorcycle rider,Male,65_to_74
20232149,Vic,2,2023,Tuesday,07:29,Multiple,100,Driver,Male,17_to_25
20232057,Vic,2,2023,Thursday,12:27,Multiple,60,Pedal cyclist,Male,17_to_25
20233095,Qld,2,2023,Thursday,06:00,Multiple,50,Motorcycle rider,Male,26_to_39
20232170,Vic,2,2023,Monday,15:49,Single,40,Motorcycle rider,Male,26_to_39
20234082,SA,2,2023,Thursday,17:20,Single,110,Driver,Female,26_to_39
20235041,WA,2,2023,Thursday,13:18,Single,70,Driver,Female,26_to_39
20233054,Qld,2,2023,Friday,13:00,Multiple,100,Driver,Male,26_to_39
20232045,Vic,2,2023,Wednesday,14:49,Single,100,Driver,Male,26_to_39
20235037,WA,2,2023,Wednesday,14:30,Single,110,Motorcycle rider,Female,40_to_64
20234033,SA,2,2023,Friday,10:53,Single,50,Driver,Male,40_to_64
20231063,NSW,2,2023,Sunday,20:19,Multiple,50,Motorcycle rider,Male,26_to_39
20231243,NSW,2,2023,Monday,13:25,Multiple,110,Driver,Male,40_to_64
20233075,Qld,2,2023,Monday,06:00,Multiple,100,Driver,Female,40_to_64
20233137,Qld,2,2023,Monday,08:00,Multiple,80,Driver,Female,40_to_64
20235028,WA,2,2023,Tuesday,19:32,Single,60,Motorcycle rider,Male,0_to_16
20235014,WA,2,2023,Thursday,16:04,Single,60,Driver,Male,40_to_64
20231237,NSW,2,2023,Thursday,15:45,Multiple,100,Driver,Male,40_to_64
20233097,Qld,2,2023,Wednesday,18:00,Multiple,100,Driver,Male,17_to_25
20232129,Vic,2,2023,Wednesday,16:39,Multiple,80,Motorcycle rider,Male,65_to_74
20231162,NSW,2,2023,Monday,23:20,Single,110,Passenger,Male,17_to_25
20234052,SA,2,2023,Thursday,17:35,Multiple,80,Motorcycle rider,Male,65_to_74
20232036,Vic,2,2023,Tuesday,10:52,Multiple,100,Passenger,Female,65_to_74
20234065,SA,2,2023,Wednesday,18:29,Single,80,Passenger,Male,26_to_39
20234032,SA,2,2023,Thursday,21:15,Single,100,Driver,Male,26_to_39
20232008,Vic,2,2023,Tuesday,17:30,Single,-9,Driver,Male,65_to_74
20231256,NSW,2,2023,Thursday,02:25,Single,110,Driver,Male,26_to_39
20231180,NSW,2,2023,Monday,14:25,Multiple,90,Driver,Female,75_or_older
20232080,Vic,2,2023,Tuesday,05:45,Multiple,100,Driver,Male,26_to_39
20232007,Vic,2,2023,Monday,11:55,Single,100,Driver,Male,75_or_older
20232136,Vic,2,2023,Thursday,09:05,Multiple,-9,Driver,Male,75_or_older
20231150,NSW,2,2023,Friday,14:30,Multiple,100,Driver,Male,75_or_older
20234002,SA,2,2023,Thursday,14:10,Multiple,110,Driver,Female,75_or_older
20232071,Vic,2,2023,Thursday,13:35,Multiple,70,Driver,Female,75_or_older
20234044,SA,2,2023,Friday,03:23,Single,10,Driver,Male,40_to_64
20232036,Vic,2,2023,Tuesday,10:52,Multiple,100,Driver,Male,75_or_older
20232055,Vic,2,2023,Tuesday,12:55,Multiple,70,Passenger,Male,75_or_older
20234068,SA,2,2023,Monday,20:50,Single,100,Driver,Male,40_to_64
20236007,Tas,2,2023,Tuesday,22:45,Multiple,110,Driver,Male,40_to_64
20232110,Vic,2,2023,Friday,07:15,Multiple,-9,Pedal cyclist,Male,40_to_64
20232074,Vic,2,2023,Monday,10:26,Multiple,60,Passenger,Male,75_or_older
20232114,Vic,2,2023,Thursday,07:00,Single,60,Motorcycle rider,Male,26_to_39
20233164,Qld,2,2023,Thursday,21:00,Single,100,Driver,Male,40_to_64
20232178,Vic,2,2023,Thursday,04:45,Multiple,80,Motorcycle rider,Male,40_to_64
20234072,SA,2,2023,Sunday,21:00,Single,60,Pedestrian,Male,40_to_64
20231184,NSW,2,2023,Saturday,02:40,Single,70,Pedestrian,Female,40_to_64
20233102,Qld,2,2023,Wednesday,15:00,Single,100,Pedestrian,Male,0_to_16
20232150,Vic,2,2023,Tuesday,19:22,Multiple,100,Passenger,Female,65_to_74
20233201,Qld,2,2023,Thursday,20:00,Multiple,80,Driver,Male,75_or_older
20236011,Tas,2,2023,Friday,13:40,Single,70,Pedestrian,Male,65_to_74
20232054,Vic,2,2023,Wednesday,08:04,Single,60,Pedestrian,Male,65_to_74
20234026,SA,2,2023,Monday,12:21,Single,50,Pedestrian,Female,75_or_older
20232197,Vic,2,2023,Tuesday,13:20,Single,60,Pedestrian,Female,75_or_older
20232038,Vic,2,2023,Thursday,19:19,Multiple,60,Motorcycle rider,Male,75_or_older
20231233,NSW,2,2023,Thursday,01:30,Single,100,Pedestrian,Male,26_to_39
20235098,WA,2,2023,Thursday,22:16,Single,110,Driver,Male,17_to_25
20231109,NSW,1,2023,Sunday,02:00,Single,80,Driver,Male,17_to_25
20231181,NSW,1,2023,Friday,23:20,Multiple,60,Driver,Male,17_to_25
20234005,SA,1,2023,Saturday,18:32,Multiple,100,Driver,Male,17_to_25
20235065,WA,1,2023,Wednesday,23:52,Multiple,100,Driver,Female,17_to_25
20234089,SA,1,2023,Friday,18:34,Multiple,60,Motorcycle rider,Male,26_to_39
20231215,NSW,1,2023,Tuesday,00:24,Single,80,Driver,Male,17_to_25
20231215,NSW,1,2023,Tuesday,00:24,Single,80,Passenger,Male,17_to_25
20235038,WA,1,2023,Tuesday,20:41,Single,60,Driver,Male,17_to_25
20231022,NSW,1,2023,Saturday,02:00,Single,50,Motorcycle rider,Male,26_to_39
20233088,Qld,1,2023,Saturday,20:00,Multiple,60,Motorcycle rider,Male,26_to_39
20232154,Vic,1,2023,Wednesday,20:27,Single,100,Driver,Male,17_to_25
20232155,Vic,1,2023,Thursday,02:30,Single,100,Driver,Male,17_to_25
20231099,NSW,1,2023,Friday,00:30,Single,100,Driver,Male,40_to_64
20231166,NSW,1,2023,Friday,18:41,Single,70,Driver,Female,40_to_64
20233001,Qld,1,2023,Sunday,10:00,Multiple,60,Motorcycle rider,Male,0_to_16
20237012,NT,1,2023,Sunday,12:01,Single,130,Driver,Female,17_to_25
20235035,WA,1,2023,Sunday,09:44,Single,110,Driver,Male,17_to_25
20232200,Vic,1,2023,Saturday,10:12,Multiple,60,Driver,Female,26_to_39
20236004,Tas,1,2023,Saturday,16:30,Single,100,Driver,Female,26_to_39
20232196,Vic,1,2023,Saturday,16:24,Single,100,Driver,Female,26_to_39
20231107,NSW,1,2023,Friday,18:20,Single,110,Passenger,Female,40_to_64
20233010,Qld,1,2023,Sunday,07:00,Multiple,60,Motorcycle rider,Male,40_to_64
20235050,WA,1,2023,Tuesday,13:45,Multiple,60,Motorcycle rider,Male,40_to_64
20231210,NSW,1,2023,Saturday,17:45,Single,100,Motorcycle rider,Male,40_to_64
20233019,Qld,1,2023,Saturday,10:00,Multiple,60,Motorcycle rider,Male,40_to_64
20233086,Qld,1,2023,Sunday,16:00,Single,70,Motorcycle rider,Male,40_to_64
20231229,NSW,1,2023,Saturday,12:56,Single,50,Driver,Male,65_to_74
20234066,SA,1,2023,Sunday,10:25,Multiple,60,Pedal cyclist,Male,65_to_74
20232081,Vic,1,2023,Sunday,15:26,Single,100,Driver,Male,65_to_74
20233013,Qld,1,2023,Saturday,11:00,Single,50,Motorcycle rider,Male,65_to_74
20234069,SA,1,2023,Monday,02:30,Single,50,Driver,Female,40_to_64
20232102,Vic,1,2023,Sunday,14:45,Single,70,Passenger,Female,17_to_25
20232171,Vic,1,2023,Sunday,13:56,Single,100,Driver,Male,17_to_25
20232144,Vic,1,2023,Saturday,11:15,Single,-9,Motorcycle rider,Female,17_to_25
20231040,NSW,1,2023,Tuesday,12:00,Single,100,Passenger,Female,0_to_16
20232189,Vic,1,2023,Friday,22:35,Multiple,100,Driver,Male,65_to_74
20231096,NSW,1,2023,Wednesday,12:45,Multiple,50,Passenger,Male,0_to_16
20231078,NSW,1,2023,Monday,07:45,Multiple,100,Driver,Female,17_to_25
20232064,Vic,1,2023,Thursday,06:15,Multiple,80,Driver,Male,17_to_25
20232138,Vic,1,2023,Friday,14:25,Multiple,70,Motorcycle rider,Male,17_to_25
20235031,WA,1,2023,Friday,17:16,Single,60,Passenger,Male,17_to_25
20234003,SA,1,2023,Tuesday,11:05,Single,110,Driver,Female,17_to_25
20234006,SA,1,2023,Monday,06:40,Single,110,Driver,Male,17_to_25
20238003,ACT,1,2023,Tuesday,07:00,Multiple,80,Driver,Male,17_to_25
20231040,NSW,1,2023,Tuesday,12:00,Single,100,Driver,Female,26_to_39
20232168,Vic,1,2023,Monday,08:10,Multiple,100,Driver,Female,26_to_39
20232025,Vic,1,2023,Tuesday,07:50,Multiple,80,Driver,Female,26_to_39
20231116,NSW,1,2023,Friday,16:04,Multiple,80,Driver,Male,26_to_39
20232099,Vic,1,2023,Tuesday,16:31,Multiple,50,Driver,Male,26_to_39
20232061,Vic,1,2023,Tuesday,15:49,Multiple,100,Driver,Male,26_to_39
20235010,WA,1,2023,Tuesday,13:15,Multiple,60,Motorcycle rider,Male,26_to_39
20232019,Vic,1,2023,Tuesday,06:07,Multiple,60,Passenger,Female,26_to_39
20233141,Qld,1,2023,Friday,11:00,Multiple,110,Motorcycle rider,Male,26_to_39
20231172,NSW,1,2023,Thursday,15:36,Single,60,Pedal cyclist,Male,40_to_64
20232142,Vic,1,2023,Friday,08:19,Multiple,100,Pedal cyclist,Male,40_to_64
20235011,WA,1,2023,Tuesday,12:21,Single,110,Driver,Male,40_to_64
20232184,Vic,1,2023,Monday,11:00,Multiple,100,Driver,Male,40_to_64
20232126,Vic,1,2023,Friday,08:00,Multiple,100,Driver,Male,40_to_64
20232025,Vic,1,2023,Tuesday,07:50,Multiple,80,Driver,Male,40_to_64
20233144,Qld,1,2023,Sunday,18:00,Single,60,Passenger,Male,40_to_64
20233076,Qld,1,2023,Friday,17:00,Multiple,100,Driver,Male,40_to_64
20233009,Qld,1,2023,Friday,16:00,Multiple,100,Motorcycle rider,Female,40_to_64
20231055,NSW,1,2023,Monday,12:12,Single,110,Driver,Male,40_to_64
20235076,WA,1,2023,Wednesday,13:32,Single,70,Driver,Male,40_to_64
20235057,WA,1,2023,Friday,15:38,Single,100,Motorcycle pillion passenger,Female,40_to_64
20234071,SA,1,2023,Saturday,23:45,Single,50,Driver,Female,17_to_25
20233083,Qld,1,2023,Monday,10:00,Single,80,Passenger,Male,40_to_64
20233083,Qld,1,2023,Monday,10:00,Single,80,Driver,Female,40_to_64
20232037,Vic,1,2023,Wednesday,16:43,Multiple,100,Passenger,Male,40_to_64
20232037,Vic,1,2023,Wednesday,16:43,Multiple,100,Passenger,Male,40_to_64
20232037,Vic,1,2023,Wednesday,16:43,Multiple,100,Passenger,Male,40_to_64
20232037,Vic,1,2023,Wednesday,16:43,Multiple,100,Passenger,Male,40_to_64
20232068,Vic,1,2023,Wednesday,15:00,Single,80,Driver,Male,40_to_64
20233041,Qld,1,2023,Wednesday,15:00,Multiple,80,Motorcycle rider,Male,40_to_64
20236020,Tas,1,2023,Tuesday,06:30,Single,50,Driver,Male,40_to_64
20236003,Tas,1,2023,Tuesday,16:47,Single,100,Driver,Female,40_to_64
20233132,Qld,1,2023,Tuesday,17:00,Single,60,Motorcycle rider,Male,40_to_64
20233092,Qld,1,2023,Friday,02:00,Single,100,Driver,Female,17_to_25
20233175,Qld,1,2023,Friday,17:00,Multiple,100,Driver,Male,65_to_74
20232164,Vic,1,2023,Friday,15:02,Single,110,Passenger,Female,65_to_74
20232124,Vic,1,2023,Friday,15:35,Multiple,80,Driver,Female,65_to_74
20234040,SA,1,2023,Wednesday,14:59,Single,50,Motorcycle rider,Male,65_to_74
20235052,WA,1,2023,Tuesday,22:20,Single,70,Motorcycle rider,Male,26_to_39
20233195,Qld,1,2023,Monday,19:00,Single,100,Driver,Male,26_to_39
20231045,NSW,1,2023,Tuesday,12:00,Multiple,50,Pedal cyclist,Male,75_or_older
20232164,Vic,1,2023,Friday,15:02,Single,110,Driver,Male,75_or_older
20233135,Qld,1,2023,Wednesday,19:00,Multiple,60,Motorcycle rider,Male,40_to_64
20235094,WA,1,2023,Monday,13:30,Single,100,Driver,Male,75_or_older
20232063,Vic,1,2023,Monday,15:35,Multiple,80,Driver,Female,75_or_older
20234007,SA,1,2023,Wednesday,13:14,Multiple,100,Driver,Male,75_or_older
20234007,SA,1,2023,Wednesday,13:14,Multiple,100,Driver,Female,75_or_older
20231075,NSW,1,2023,Monday,13:15,Single,100,Motorcycle rider,Male,40_to_64
20232191,Vic,1,2023,Tuesday,08:10,Single,60,Driver,Female,40_to_64
20233051,Qld,1,2023,Tuesday,13:00,Multiple,100,Driver,Female,26_to_39
20233051,Qld,1,2023,Tuesday,13:00,Multiple,100,Passenger,Male,40_to_64
20233051,Qld,1,2023,Tuesday,13:00,Multiple,100,Passenger,Female,0_to_16
20235089,WA,1,2023,Wednesday,15:29,Multiple,60,Pedal cyclist,Male,40_to_64
20232206,Vic,1,2023,Monday,07:38,Single,100,Driver,Female,17_to_25
20235057,WA,1,2023,Friday,15:38,Single,100,Motorcycle rider,Male,40_to_64
20233174,Qld,1,2023,Friday,22:00,Single,100,Pedestrian,Male,17_to_25
20232042,Vic,1,2023,Friday,04:55,Multiple,100,Pedal cyclist,Male,65_to_74
20233208,Qld,1,2023,Friday,02:00,Single,100,Motorcycle rider,Male,65_to_74
20231169,NSW,1,2023,Tuesday,11:43,Single,60,Pedestrian,Female,75_or_older
20231214,NSW,1,2023,Wednesday,05:05,Single,80,Pedestrian,Female,40_to_64
20234088,SA,1,2023,Sunday,14:15,Multiple,10,Pedestrian,Female,75_or_older
20231126,NSW,1,2023,Wednesday,06:19,Multiple,60,Pedestrian,Female,40_to_64
